source_commit	source_path	public_path	mode	size	sha256	provenance	disposition
8d0737e528e549c42f9418e01a98cbd80d355fc0	.gitignore	.gitignore	100644	466	0d519f9022360d9dbe5a388657c3c0a297a940a35505e73dea36b95a969a4be0	incubator-baseline	include
8d0737e528e549c42f9418e01a98cbd80d355fc0	CONTRIBUTING.md	CONTRIBUTING.md	100644	3294	6817d064c4f6cc0a535d5e3d293107b8c13e0c6f66abbd06ea2ce75ee6109739	incubator-baseline	include
8d0737e528e549c42f9418e01a98cbd80d355fc0	README.md	README.md	100644	4004	87ecc043b854ef3ca3b902a124d5786ec716385ea60d558604d16148eb9858f1	incubator-baseline	include
8d0737e528e549c42f9418e01a98cbd80d355fc0	docs/architecture.md	docs/architecture.md	100644	2291	47145a8c53c8692ea32207bb115ab705684f0beb740c042b71f106d07af6e45c	incubator-baseline	include
8d0737e528e549c42f9418e01a98cbd80d355fc0	docs/index.md	docs/index.md	100644	1239	23392fef4d18725bedf7c5e314de9b2de8ba446b41a6d5db0d79c50c13fa6f65	incubator-baseline	include
8d0737e528e549c42f9418e01a98cbd80d355fc0	docs/modules/basic-processor.md	docs/modules/basic-processor.md	100644	1613	72c5b5d01b167c7b5a280c3ffb9c3783fc5caf4076705885ac359f78a11f54ee	incubator-baseline	include
8d0737e528e549c42f9418e01a98cbd80d355fc0	docs/modules/catalog.md	docs/modules/catalog.md	100644	1515	1fc3a56aa2c878ad6e13ae0503871521af6d156b63eef945c357039d01d90962	incubator-baseline	include
8d0737e528e549c42f9418e01a98cbd80d355fc0	docs/modules/checkpoint.md	docs/modules/checkpoint.md	100644	1346	c968f1503762457088a711a28f5d5b3e82ea8a285055b918ee7330c9c0a39c26	incubator-baseline	include
8d0737e528e549c42f9418e01a98cbd80d355fc0	docs/modules/metrics.md	docs/modules/metrics.md	100644	1212	18b582a8b56ed98893a37ba2d8682330ae78fb9757e545a7eedb856bdb6ebb56	incubator-baseline	include
8d0737e528e549c42f9418e01a98cbd80d355fc0	docs/modules/processor.md	docs/modules/processor.md	100644	1600	77e71b51379452bda49fb8e444b6d762015b6bd7632a2a8aa7e8d80555f4a54a	incubator-baseline	include
8d0737e528e549c42f9418e01a98cbd80d355fc0	docs/modules/reader-writer.md	docs/modules/reader-writer.md	100644	2184	6b55e245d124c58ea3bdcce38d9db3e981e0a91c8607d256ff63e53b845be6ff	incubator-baseline	include
8d0737e528e549c42f9418e01a98cbd80d355fc0	docs/modules/streaming.md	docs/modules/streaming.md	100644	1256	e2937e51651115208794985f26c4eb3b496fbfadc74700a4e6e69cfb6ec262a9	incubator-baseline	include
8d0737e528e549c42f9418e01a98cbd80d355fc0	docs/modules/udf.md	docs/modules/udf.md	100644	5172	9c80fd94359e035c77fdddf1edc17cbb8c71cb2d742566994c54e93284efc354	incubator-baseline	include
8d0737e528e549c42f9418e01a98cbd80d355fc0	docs/reference/configuration.md	docs/reference/configuration.md	100644	2040	c28d33ebdc91b3c6c66316110233eca0e4a94caf0b294cf9bb18d8c2cac3d488	incubator-baseline	include
8d0737e528e549c42f9418e01a98cbd80d355fc0	docs/reference/error-codes.md	docs/reference/error-codes.md	100644	1368	d4ce68efa18109216407cbd7a0711066d7b7b534fdfe1d2bc0408cfa3379f03d	incubator-baseline	include
8d0737e528e549c42f9418e01a98cbd80d355fc0	docs/reference/sql-template.md	docs/reference/sql-template.md	100644	1406	6c69effb7e43460c47e28c7519aa18131568c4d28a0b82ce57e72c91d095a770	incubator-baseline	include
8d0737e528e549c42f9418e01a98cbd80d355fc0	pista-assembly/pom.xml	pista-assembly/pom.xml	100644	5886	a92b8f945054270ffb1b4941bb29a540edb9f32a855f0641b08711aba2b44f24	incubator-baseline	include
8d0737e528e549c42f9418e01a98cbd80d355fc0	pista-batch/pom.xml	pista-batch/pom.xml	100644	2670	43e001c735c243dfa68a157c83be4af60d67bf9b6263e27b2bc82fa0686967db	incubator-baseline	include
8d0737e528e549c42f9418e01a98cbd80d355fc0	pista-batch/src/main/resources/clickhouse.properties	pista-batch/src/main/resources/clickhouse.properties	100644	134	4ded0ed808c3384d5abd847d02f02aed5f55f4ac5fc6f63d2e65876304f8263f	incubator-baseline	include
8d0737e528e549c42f9418e01a98cbd80d355fc0	pista-batch/src/main/resources/doris.properties	pista-batch/src/main/resources/doris.properties	100644	106	193f363da03510853ed5ac4a4af8fd711d930cea457fdabad32237dc439e7ea5	incubator-baseline	include
8d0737e528e549c42f9418e01a98cbd80d355fc0	pista-batch/src/main/resources/log4j2.properties	pista-batch/src/main/resources/log4j2.properties	100644	936	1f0dbe95cf31b4576b5f287e6e22f056dc0ade620554c313852a14efd29d581a	incubator-baseline	include
8d0737e528e549c42f9418e01a98cbd80d355fc0	pista-batch/src/main/scala/com/pista/spark/sql/batch/OutputRouter.scala	pista-batch/src/main/scala/com/pista/spark/sql/batch/OutputRouter.scala	100644	2422	8e76ec3887969fe23a9f688df4fdbdfdbe65a22212aad9e1410ad07c6c8b0aca	incubator-baseline	include
8d0737e528e549c42f9418e01a98cbd80d355fc0	pista-batch/src/main/scala/com/pista/spark/sql/batch/SQLExecutionContext.scala	pista-batch/src/main/scala/com/pista/spark/sql/batch/SQLExecutionContext.scala	100644	4304	9a27a5439d601d2a10dbe97f29a515507d7a2d26e083cc7760ea735fbbcbb33d	incubator-baseline	include
8d0737e528e549c42f9418e01a98cbd80d355fc0	pista-batch/src/main/scala/com/pista/spark/sql/batch/SQLStatementExecutor.scala	pista-batch/src/main/scala/com/pista/spark/sql/batch/SQLStatementExecutor.scala	100644	9995	175d609ae7407dd0e555fc4bd51c4c837f4bd497eadb1bcb340226a980012613	incubator-baseline	include
8d0737e528e549c42f9418e01a98cbd80d355fc0	pista-batch/src/main/scala/com/pista/spark/sql/batch/SparkSQLSubmitter.scala	pista-batch/src/main/scala/com/pista/spark/sql/batch/SparkSQLSubmitter.scala	100644	3373	7911dd83b542e98a103293971229606dadb825ab4ac0715862fc12b445ca9a40	incubator-baseline	include
8d0737e528e549c42f9418e01a98cbd80d355fc0	pista-batch/src/test/resources/log4j2.properties	pista-batch/src/test/resources/log4j2.properties	100644	385	a86a032c746da00accf2ae5e8a35ae4f32659b9e9be5d44298725302937a2aae	incubator-baseline	include
8d0737e528e549c42f9418e01a98cbd80d355fc0	pista-batch/src/test/scala/com/pista/spark/sql/batch/BatchSubmitterIT.scala	pista-batch/src/test/scala/com/pista/spark/sql/batch/BatchSubmitterIT.scala	100644	2218	f7b393fed48f5534731d5a6bd1f92744648e61f02d8a53de1906751766e6a852	incubator-baseline	include
8d0737e528e549c42f9418e01a98cbd80d355fc0	pista-batch/src/test/scala/com/pista/spark/sql/batch/CallbackTrackingProcessor.scala	pista-batch/src/test/scala/com/pista/spark/sql/batch/CallbackTrackingProcessor.scala	100644	793	0a46c076139cc107e481f4837d209322e2a83e30b27d78d3c3438af92781cebc	incubator-baseline	include
8d0737e528e549c42f9418e01a98cbd80d355fc0	pista-batch/src/test/scala/com/pista/spark/sql/batch/OutputResultSuite.scala	pista-batch/src/test/scala/com/pista/spark/sql/batch/OutputResultSuite.scala	100644	6893	7e7d49503c180277a790eed4fdc9ce0be8db8e25dc731dd695414f26666dd8cd	incubator-baseline	include
8d0737e528e549c42f9418e01a98cbd80d355fc0	pista-batch/src/test/scala/com/pista/spark/sql/batch/OutputRouterSuite.scala	pista-batch/src/test/scala/com/pista/spark/sql/batch/OutputRouterSuite.scala	100644	3451	90a8308bc7c0f9be11bcfc0538b40f577978ccf84c68af27434cc8f5fee19c07	incubator-baseline	include
8d0737e528e549c42f9418e01a98cbd80d355fc0	pista-batch/src/test/scala/com/pista/spark/sql/batch/PistaFunctionSubmitterIT.scala	pista-batch/src/test/scala/com/pista/spark/sql/batch/PistaFunctionSubmitterIT.scala	100644	2975	1b7055aa2bd2f9ca3866a22c02f177e76c0b78e774aa0aec90d384876d29e982	incubator-baseline	include
8d0737e528e549c42f9418e01a98cbd80d355fc0	pista-batch/src/test/scala/com/pista/spark/sql/batch/SQLExecutionContextSuite.scala	pista-batch/src/test/scala/com/pista/spark/sql/batch/SQLExecutionContextSuite.scala	100644	2218	949910aa6941f6f64512c3777ee8e4246ec05b2c672ea4ea51c91874b4ef3cfd	incubator-baseline	include
8d0737e528e549c42f9418e01a98cbd80d355fc0	pista-batch/src/test/scala/com/pista/spark/sql/batch/SQLStatementExecutorSuite.scala	pista-batch/src/test/scala/com/pista/spark/sql/batch/SQLStatementExecutorSuite.scala	100644	1310	b9759b5d100aeb423c34796d52004ee93a9de65c3b1b7fa7d252c9202626d812	incubator-baseline	include
8d0737e528e549c42f9418e01a98cbd80d355fc0	pista-batch/src/test/scala/com/pista/spark/sql/batch/SparkContainerIT.scala	pista-batch/src/test/scala/com/pista/spark/sql/batch/SparkContainerIT.scala	100644	623	78369cdc14c4f893d831ae5e76fd79c111124fd60c57beac63d5f975c348414b	incubator-baseline	include
8d0737e528e549c42f9418e01a98cbd80d355fc0	pista-batch/src/test/scala/com/pista/spark/sql/batch/SparkSQLSubmitterClickHouseIT.scala	pista-batch/src/test/scala/com/pista/spark/sql/batch/SparkSQLSubmitterClickHouseIT.scala	100644	1357	b44158ffd9e59ad888060002f59ee527dab65cd16082e8694911b90d0d5d1f35	incubator-baseline	include
8d0737e528e549c42f9418e01a98cbd80d355fc0	pista-batch/src/test/scala/com/pista/spark/sql/batch/SparkSQLSubmitterDorisIT.scala	pista-batch/src/test/scala/com/pista/spark/sql/batch/SparkSQLSubmitterDorisIT.scala	100644	2351	9301e66f2bd2c02f96e289c656f6068f67a7159f814483265120406f60fb8f2d	incubator-baseline	include
8d0737e528e549c42f9418e01a98cbd80d355fc0	pista-batch/src/test/scala/com/pista/spark/sql/batch/SparkSQLSubmitterSuite.scala	pista-batch/src/test/scala/com/pista/spark/sql/batch/SparkSQLSubmitterSuite.scala	100644	16662	d3e838bcdb2c94319c52cc8324854f7bd1897909ade22f9740f51fb1ee10e151	incubator-baseline	include
8d0737e528e549c42f9418e01a98cbd80d355fc0	pista-catalyst/pom.xml	pista-catalyst/pom.xml	100644	3096	0e59c71d04724e4cc4a53cb0652763566cfa0370d9525524e603752fe3daeb0f	incubator-baseline	include
8d0737e528e549c42f9418e01a98cbd80d355fc0	pista-catalyst/src/main/resources/META-INF/pista/legacy-function-audit-v1.json	pista-catalyst/src/main/resources/META-INF/pista/legacy-function-audit-v1.json	100644	4944	661daa56bbfd7e0e4951058fe14f76505c894b7972ed8d595148a8f753713516	incubator-baseline	include
8d0737e528e549c42f9418e01a98cbd80d355fc0	pista-catalyst/src/main/resources/com/pista/spark/sql/catalyst/functions/PUBLIC_SUFFIX_LIST.md	pista-catalyst/src/main/resources/com/pista/spark/sql/catalyst/functions/PUBLIC_SUFFIX_LIST.md	100644	602	744f7205098f5805194434d6534ac3be34df4461396a6c98bc75650163b69ba9	incubator-baseline	include
8d0737e528e549c42f9418e01a98cbd80d355fc0	pista-catalyst/src/main/resources/com/pista/spark/sql/catalyst/functions/public_suffix_list.dat	pista-catalyst/src/main/resources/com/pista/spark/sql/catalyst/functions/public_suffix_list.dat	100644	332767	6f17568c0cf95b1fd5347e759bf250e442cd472b7ff7052f601fa5217fb75094	incubator-baseline	include
8d0737e528e549c42f9418e01a98cbd80d355fc0	pista-catalyst/src/main/scala/com/pista/spark/sql/catalyst/functions/aggregate/Roaring64Aggregates.scala	pista-catalyst/src/main/scala/com/pista/spark/sql/catalyst/functions/aggregate/Roaring64Aggregates.scala	100644	3343	fa1753156997dab779d298d406dc270a085295e0842901006f81b93b0cfd480f	incubator-baseline	include
8d0737e528e549c42f9418e01a98cbd80d355fc0	pista-catalyst/src/main/scala/com/pista/spark/sql/catalyst/functions/aggregate/VectorCentroid.scala	pista-catalyst/src/main/scala/com/pista/spark/sql/catalyst/functions/aggregate/VectorCentroid.scala	100644	5746	afa7d5f1c58db36b84d4ee1e26dd7c4f594804df6cc49775721d1d0dbbd69b5e	incubator-baseline	include
8d0737e528e549c42f9418e01a98cbd80d355fc0	pista-catalyst/src/main/scala/com/pista/spark/sql/catalyst/functions/catalog/FunctionDefinition.scala	pista-catalyst/src/main/scala/com/pista/spark/sql/catalyst/functions/catalog/FunctionDefinition.scala	100644	3177	d5360eb82aa53a858713d9092cc638ecfb12c4cdbdb25b6d9abbee9d02a8dc4a	incubator-baseline	include
8d0737e528e549c42f9418e01a98cbd80d355fc0	pista-catalyst/src/main/scala/com/pista/spark/sql/catalyst/functions/catalog/FunctionManifest.scala	pista-catalyst/src/main/scala/com/pista/spark/sql/catalyst/functions/catalog/FunctionManifest.scala	100644	3945	9e970ef36b0e2d5ae7ca8ce78f19f01d3dddb017c0b92f0ae6ada6607e684fe5	incubator-baseline	include
8d0737e528e549c42f9418e01a98cbd80d355fc0	pista-catalyst/src/main/scala/com/pista/spark/sql/catalyst/functions/catalog/PistaFunctionCatalog.scala	pista-catalyst/src/main/scala/com/pista/spark/sql/catalyst/functions/catalog/PistaFunctionCatalog.scala	100644	12073	7980dfd444dc40a3b848dbd98e93fb64b2ebc6ee725c91584bc36c97428a3172	incubator-baseline	include
8d0737e528e549c42f9418e01a98cbd80d355fc0	pista-catalyst/src/main/scala/com/pista/spark/sql/catalyst/functions/internal/datetime/DateTimeKernel.scala	pista-catalyst/src/main/scala/com/pista/spark/sql/catalyst/functions/internal/datetime/DateTimeKernel.scala	100644	3820	a9ce0103fb2db8be8fdc55a0d6eff0a2e6c7fb7be528b39f363031ff0e5782a5	incubator-baseline	include
8d0737e528e549c42f9418e01a98cbd80d355fc0	pista-catalyst/src/main/scala/com/pista/spark/sql/catalyst/functions/internal/json/JsonKernel.scala	pista-catalyst/src/main/scala/com/pista/spark/sql/catalyst/functions/internal/json/JsonKernel.scala	100644	2947	5c820f9d5a15182112a15fc0ececf7c272bea109bfaa36613b9f653974609864	incubator-baseline	include
8d0737e528e549c42f9418e01a98cbd80d355fc0	pista-catalyst/src/main/scala/com/pista/spark/sql/catalyst/functions/internal/network/NetworkKernel.scala	pista-catalyst/src/main/scala/com/pista/spark/sql/catalyst/functions/internal/network/NetworkKernel.scala	100644	9297	6ff3abaa5fa228f1db25a84b29fef8611c5100c296c9d244e34b6b4c7cafa6e9	incubator-baseline	include
8d0737e528e549c42f9418e01a98cbd80d355fc0	pista-catalyst/src/main/scala/com/pista/spark/sql/catalyst/functions/internal/roaring/Roaring64Kernel.scala	pista-catalyst/src/main/scala/com/pista/spark/sql/catalyst/functions/internal/roaring/Roaring64Kernel.scala	100644	6978	1a38b1a1729cea78f072d8a233def0aa1d14f1abe9474c5bca687326ec0a32f8	incubator-baseline	include
8d0737e528e549c42f9418e01a98cbd80d355fc0	pista-catalyst/src/main/scala/com/pista/spark/sql/catalyst/functions/internal/url/DomainKernel.scala	pista-catalyst/src/main/scala/com/pista/spark/sql/catalyst/functions/internal/url/DomainKernel.scala	100644	4115	c074787dfe36ff64773b205c56baf26bf36ce3ea799eab444f2dc08a839717a2	incubator-baseline	include
8d0737e528e549c42f9418e01a98cbd80d355fc0	pista-catalyst/src/main/scala/com/pista/spark/sql/catalyst/functions/internal/url/UrlKernel.scala	pista-catalyst/src/main/scala/com/pista/spark/sql/catalyst/functions/internal/url/UrlKernel.scala	100644	1931	63eb6977e4656a97f8a3ebef3d011c94f17d13b72e8ae845b56a0b12f458915d	incubator-baseline	include
8d0737e528e549c42f9418e01a98cbd80d355fc0	pista-catalyst/src/main/scala/com/pista/spark/sql/catalyst/functions/internal/vector/VectorKernel.scala	pista-catalyst/src/main/scala/com/pista/spark/sql/catalyst/functions/internal/vector/VectorKernel.scala	100644	5011	9a74bc622802c972ea4cf808a59f16db493c92ee3645a7b8e0a0d208a90c4680	incubator-baseline	include
8d0737e528e549c42f9418e01a98cbd80d355fc0	pista-catalyst/src/main/scala/com/pista/spark/sql/catalyst/functions/scalar/DateTimeExpressions.scala	pista-catalyst/src/main/scala/com/pista/spark/sql/catalyst/functions/scalar/DateTimeExpressions.scala	100644	1823	5da4d3a43d33f06d4a6d757a104c2a5e4fc1fd98a4d5a16b84e233658ef17bf3	incubator-baseline	include
8d0737e528e549c42f9418e01a98cbd80d355fc0	pista-catalyst/src/main/scala/com/pista/spark/sql/catalyst/functions/scalar/JsonUrlExpressions.scala	pista-catalyst/src/main/scala/com/pista/spark/sql/catalyst/functions/scalar/JsonUrlExpressions.scala	100644	2009	8c0922f789b7337de283a6fdbb6c86e5b0241ac1f1e9a2b909be9f9f602aa7a4	incubator-baseline	include
8d0737e528e549c42f9418e01a98cbd80d355fc0	pista-catalyst/src/main/scala/com/pista/spark/sql/catalyst/functions/scalar/NetworkExpressions.scala	pista-catalyst/src/main/scala/com/pista/spark/sql/catalyst/functions/scalar/NetworkExpressions.scala	100644	3019	c3a9a5cb12f3ff8690a6ef8722fbcdfba0a835f072809e70d5b6dede9746fb8d	incubator-baseline	include
8d0737e528e549c42f9418e01a98cbd80d355fc0	pista-catalyst/src/main/scala/com/pista/spark/sql/catalyst/functions/scalar/Roaring64Expressions.scala	pista-catalyst/src/main/scala/com/pista/spark/sql/catalyst/functions/scalar/Roaring64Expressions.scala	100644	2453	baa7a99fd175ccb94810f1d6f46bd7e13ed0128612996e615aff7ad04896ee23	incubator-baseline	include
8d0737e528e549c42f9418e01a98cbd80d355fc0	pista-catalyst/src/main/scala/com/pista/spark/sql/catalyst/functions/scalar/VectorExpressions.scala	pista-catalyst/src/main/scala/com/pista/spark/sql/catalyst/functions/scalar/VectorExpressions.scala	100644	1920	608cce1fcaa3364e338830b9d241171c222b1c1373ad8f9658a1c34cd983e7b4	incubator-baseline	include
8d0737e528e549c42f9418e01a98cbd80d355fc0	pista-catalyst/src/main/scala/com/pista/spark/sql/catalyst/functions/table/Roaring64Explode.scala	pista-catalyst/src/main/scala/com/pista/spark/sql/catalyst/functions/table/Roaring64Explode.scala	100644	3432	62d29c01f3814f45d735dc2719f6373e7a8581fdaa56b9dcb96db38c14d03a3a	incubator-baseline	include
8d0737e528e549c42f9418e01a98cbd80d355fc0	pista-catalyst/src/test/resources/log4j2.properties	pista-catalyst/src/test/resources/log4j2.properties	100644	385	a86a032c746da00accf2ae5e8a35ae4f32659b9e9be5d44298725302937a2aae	incubator-baseline	include
8d0737e528e549c42f9418e01a98cbd80d355fc0	pista-catalyst/src/test/scala/com/pista/spark/sql/catalyst/functions/catalog/PistaFunctionCatalogSuite.scala	pista-catalyst/src/test/scala/com/pista/spark/sql/catalyst/functions/catalog/PistaFunctionCatalogSuite.scala	100644	12015	164149b5f59a90e407e5b2cde6aabc995f2c507ff8943a4f6d255e0734f155c7	incubator-baseline	include
8d0737e528e549c42f9418e01a98cbd80d355fc0	pista-clickhouse-meta/pom.xml	pista-clickhouse-meta/pom.xml	100644	3654	b7dcd267e0b0a24c5d95607f8740f26351ed9278bff3c76269cca7a3b16b17e8	incubator-baseline	include
8d0737e528e549c42f9418e01a98cbd80d355fc0	pista-clickhouse-meta/src/main/scala/com/pista/spark/sql/clickhouse/meta/MetaConf.scala	pista-clickhouse-meta/src/main/scala/com/pista/spark/sql/clickhouse/meta/MetaConf.scala	100644	1350	3de54a243e61363b45f2dff63f2b6f76f60f3c18f629bff5f74067532ffebc22	incubator-baseline	include
8d0737e528e549c42f9418e01a98cbd80d355fc0	pista-clickhouse-meta/src/main/scala/com/pista/spark/sql/clickhouse/meta/MetaConnection.scala	pista-clickhouse-meta/src/main/scala/com/pista/spark/sql/clickhouse/meta/MetaConnection.scala	100644	1205	d46a42174716c8786d74bdad66b95e55e3c648c083f3e6562981c48858de175a	incubator-baseline	include
8d0737e528e549c42f9418e01a98cbd80d355fc0	pista-clickhouse-meta/src/main/scala/com/pista/spark/sql/clickhouse/meta/MetaMachineManager.scala	pista-clickhouse-meta/src/main/scala/com/pista/spark/sql/clickhouse/meta/MetaMachineManager.scala	100644	4540	10cfff24c8b2d5f362691beaa769c9c578c6c2daf7e9e972e19aff5c4012719b	incubator-baseline	include
8d0737e528e549c42f9418e01a98cbd80d355fc0	pista-clickhouse-meta/src/main/scala/com/pista/spark/sql/clickhouse/meta/MetaManager.scala	pista-clickhouse-meta/src/main/scala/com/pista/spark/sql/clickhouse/meta/MetaManager.scala	100644	2519	25e5d638bfc6406cacbde9cc8ae03a8133c90781bbab4f094711b49cdb94876b	incubator-baseline	include
8d0737e528e549c42f9418e01a98cbd80d355fc0	pista-clickhouse-meta/src/main/scala/com/pista/spark/sql/clickhouse/meta/MetaRecordManager.scala	pista-clickhouse-meta/src/main/scala/com/pista/spark/sql/clickhouse/meta/MetaRecordManager.scala	100644	13497	e76041cac653e2d7c57f7e1eae165cec3c426229f5a195167a05a49ca4d0243b	incubator-baseline	include
8d0737e528e549c42f9418e01a98cbd80d355fc0	pista-clickhouse-meta/src/main/scala/com/pista/spark/sql/clickhouse/meta/MetaStateMachine.scala	pista-clickhouse-meta/src/main/scala/com/pista/spark/sql/clickhouse/meta/MetaStateMachine.scala	100644	6596	a03a1c42c4867a6482390540d3b6ff9972cb4b9dcca671cfef24eb480cf859a2	incubator-baseline	include
8d0737e528e549c42f9418e01a98cbd80d355fc0	pista-clickhouse-meta/src/main/scala/com/pista/spark/sql/clickhouse/meta/record/RecordOperation.scala	pista-clickhouse-meta/src/main/scala/com/pista/spark/sql/clickhouse/meta/record/RecordOperation.scala	100644	268	d144a6635708216404d3ea5caa1ee105ce7130fdd2f9f301bca20087724b22e9	incubator-baseline	include
8d0737e528e549c42f9418e01a98cbd80d355fc0	pista-clickhouse-meta/src/main/scala/com/pista/spark/sql/clickhouse/meta/record/RecordStatus.scala	pista-clickhouse-meta/src/main/scala/com/pista/spark/sql/clickhouse/meta/record/RecordStatus.scala	100644	414	cd45817577833bb35fa71f8af1375f5c99241c134c87f1397b2b353dd457af4e	incubator-baseline	include
8d0737e528e549c42f9418e01a98cbd80d355fc0	pista-clickhouse-meta/src/main/scala/com/pista/spark/sql/clickhouse/meta/record/Records.scala	pista-clickhouse-meta/src/main/scala/com/pista/spark/sql/clickhouse/meta/record/Records.scala	100644	1327	da649bda7747c5e87a0ae7c0840ab4f411a0ef5ab33270683312f16fdfa2b266	incubator-baseline	include
8d0737e528e549c42f9418e01a98cbd80d355fc0	pista-clickhouse-meta/src/test/scala/com/pista/spark/sql/clickhouse/meta/ClickHouseMetaManagerIT.scala	pista-clickhouse-meta/src/test/scala/com/pista/spark/sql/clickhouse/meta/ClickHouseMetaManagerIT.scala	100644	6713	e173db290d7f351a469b791fe01b6443ddb2421921985f83965119a88d527956	incubator-baseline	include
8d0737e528e549c42f9418e01a98cbd80d355fc0	pista-clickhouse-meta/src/test/scala/com/pista/spark/sql/clickhouse/meta/MetaMachineManagerSuite.scala	pista-clickhouse-meta/src/test/scala/com/pista/spark/sql/clickhouse/meta/MetaMachineManagerSuite.scala	100644	7782	4dd13259cf53e5e9233c45be3a5b668a71d1d33ef2488a6afeeb7d9d003c74c8	incubator-baseline	include
8d0737e528e549c42f9418e01a98cbd80d355fc0	pista-clickhouse-meta/src/test/scala/com/pista/spark/sql/clickhouse/meta/MetaStateMachineSuite.scala	pista-clickhouse-meta/src/test/scala/com/pista/spark/sql/clickhouse/meta/MetaStateMachineSuite.scala	100644	5633	9f94d865d213a7e3feb7593bd4288c7956e5dd2c1e0ff70bd3edef009edc1540	incubator-baseline	include
8d0737e528e549c42f9418e01a98cbd80d355fc0	pista-common/pom.xml	pista-common/pom.xml	100644	3638	f13f9752efab578c889bc1165758f866a233c2414d41dc002f2d1764169ad19b	incubator-baseline	include
8d0737e528e549c42f9418e01a98cbd80d355fc0	pista-common/src/main/resources/error/error-classes.json	pista-common/src/main/resources/error/error-classes.json	100644	197532	8e19d5b75e1a7ad30394e871023cd1389393335ba90ff771c9ec5da059e60d49	incubator-baseline	include
8d0737e528e549c42f9418e01a98cbd80d355fc0	pista-common/src/main/scala/com/pista/spark/errors/PistaErrorMessageLoader.scala	pista-common/src/main/scala/com/pista/spark/errors/PistaErrorMessageLoader.scala	100644	2888	cb9d545f8f7939117a844a7b3dbf2b9df2f421512d36daf2f5d0c4927267d5f9	incubator-baseline	include
8d0737e528e549c42f9418e01a98cbd80d355fc0	pista-common/src/main/scala/com/pista/spark/errors/PistaErrors.scala	pista-common/src/main/scala/com/pista/spark/errors/PistaErrors.scala	100644	6712	8887daeb8c02573bb35b94f22d4236f4ef1ef1cab76aa36c279819b2c41eb7b4	incubator-baseline	include
8d0737e528e549c42f9418e01a98cbd80d355fc0	pista-common/src/main/scala/com/pista/spark/errors/PistaExceptions.scala	pista-common/src/main/scala/com/pista/spark/errors/PistaExceptions.scala	100644	4814	04c547adcbf20420a1529f3ffdde4b09331165fec56140adfd54cd133dbe83c0	incubator-baseline	include
8d0737e528e549c42f9418e01a98cbd80d355fc0	pista-common/src/main/scala/com/pista/spark/errors/PistaUDFErrors.scala	pista-common/src/main/scala/com/pista/spark/errors/PistaUDFErrors.scala	100644	2347	69607be1ec6856d12a07e2e67875b35e7980685f430a15424fd5b056208a5ba8	incubator-baseline	include
8d0737e528e549c42f9418e01a98cbd80d355fc0	pista-common/src/main/scala/com/pista/spark/errors/PistaUDFException.scala	pista-common/src/main/scala/com/pista/spark/errors/PistaUDFException.scala	100644	672	d3d32fa161086ea719d95aabffac7304e285a88da7cdd0011ae6f0b79e376ba3	incubator-baseline	include
8d0737e528e549c42f9418e01a98cbd80d355fc0	pista-common/src/main/scala/com/pista/spark/util/ParamTypeParser.scala	pista-common/src/main/scala/com/pista/spark/util/ParamTypeParser.scala	100644	1450	79345d0099fdf753f8338cc304f62e035a564cbafe48235f6b8dee57552566fd	incubator-baseline	include
8d0737e528e549c42f9418e01a98cbd80d355fc0	pista-common/src/main/scala/com/pista/spark/util/SQLStatementSplitter.scala	pista-common/src/main/scala/com/pista/spark/util/SQLStatementSplitter.scala	100644	5033	1d79817ee8d58e3a69f233c15f20b4a1cfef83c619584d525a0ccff4df47191e	incubator-baseline	include
8d0737e528e549c42f9418e01a98cbd80d355fc0	pista-common/src/main/scala/com/pista/spark/util/SQLTemplateEngine.scala	pista-common/src/main/scala/com/pista/spark/util/SQLTemplateEngine.scala	100644	2593	2a1cf3abaf54683827a7bdf522fb46811a95aa45c59850b5c8ca74529371d122	incubator-baseline	include
8d0737e528e549c42f9418e01a98cbd80d355fc0	pista-common/src/test/scala/com/pista/spark/errors/PistaErrorMessageLoaderSuite.scala	pista-common/src/test/scala/com/pista/spark/errors/PistaErrorMessageLoaderSuite.scala	100644	3733	7f180a626f8c2048dea5e0995964ca4c6886ce30edab6040836db4cd2643f717	incubator-baseline	include
8d0737e528e549c42f9418e01a98cbd80d355fc0	pista-common/src/test/scala/com/pista/spark/errors/PistaErrorsSuite.scala	pista-common/src/test/scala/com/pista/spark/errors/PistaErrorsSuite.scala	100644	3223	9c953b7677db6a9c2dd7a0557006eff53521399d9a95f47e82f2e950077fde97	incubator-baseline	include
8d0737e528e549c42f9418e01a98cbd80d355fc0	pista-common/src/test/scala/com/pista/spark/errors/PistaExceptionsSuite.scala	pista-common/src/test/scala/com/pista/spark/errors/PistaExceptionsSuite.scala	100644	7222	8e5cd26d8791694f758029b04ca409024aea8832eb50f13719a7718bf4d3545c	incubator-baseline	include
8d0737e528e549c42f9418e01a98cbd80d355fc0	pista-common/src/test/scala/com/pista/spark/errors/PistaUDFErrorsSuite.scala	pista-common/src/test/scala/com/pista/spark/errors/PistaUDFErrorsSuite.scala	100644	3445	3b031b4460ddf49f2ea3a3eef41f587d425db5373f87ff71bd38a111e079e3f4	incubator-baseline	include
8d0737e528e549c42f9418e01a98cbd80d355fc0	pista-common/src/test/scala/com/pista/spark/errors/PistaUDFExceptionSuite.scala	pista-common/src/test/scala/com/pista/spark/errors/PistaUDFExceptionSuite.scala	100644	2197	c54f3e023237247f276611e17fad094532c768a9ff1eb714a9ea4a2a0dd66898	incubator-baseline	include
8d0737e528e549c42f9418e01a98cbd80d355fc0	pista-common/src/test/scala/com/pista/spark/util/ParamTypeParserSuite.scala	pista-common/src/test/scala/com/pista/spark/util/ParamTypeParserSuite.scala	100644	3709	110b5d641298e4058bd6f6d4d4130f072e05308b9eb17f87e202e2a630ca5e70	incubator-baseline	include
8d0737e528e549c42f9418e01a98cbd80d355fc0	pista-common/src/test/scala/com/pista/spark/util/SQLStatementSplitterSuite.scala	pista-common/src/test/scala/com/pista/spark/util/SQLStatementSplitterSuite.scala	100644	10177	828b5522802586155ac49181fc1c6fa3fe94de4f8fa124d4b0ccd8a7a4f94e81	incubator-baseline	include
8d0737e528e549c42f9418e01a98cbd80d355fc0	pista-connector/pom.xml	pista-connector/pom.xml	100644	4217	b0146812ae0a7c49619fdd244a3bab7b4706f3894b32e9d80e292f123216ae96	incubator-baseline	include
8d0737e528e549c42f9418e01a98cbd80d355fc0	pista-connector/src/main/resources/META-INF/services/com.pista.spark.sql.execution.datasources.reader.DataReader	pista-connector/src/main/resources/META-INF/services/com.pista.spark.sql.execution.datasources.reader.DataReader	100644	106	4413f7c3e7ffac7fabafe1334bf522a8c556f52ff048aa42f8ec29f86ffb6d07	incubator-baseline	include
8d0737e528e549c42f9418e01a98cbd80d355fc0	pista-connector/src/main/resources/META-INF/services/com.pista.spark.sql.execution.datasources.writer.DataWriter	pista-connector/src/main/resources/META-INF/services/com.pista.spark.sql.execution.datasources.writer.DataWriter	100644	106	25270e08d80b4cfa9be3b8fa3a0457c7d427730b6eb2c401dd25234d8404288b	incubator-baseline	include
8d0737e528e549c42f9418e01a98cbd80d355fc0	pista-connector/src/main/scala/com/pista/spark/sql/connector/BatchWriteConfig.scala	pista-connector/src/main/scala/com/pista/spark/sql/connector/BatchWriteConfig.scala	100644	387	04760ec3bad5df80b6631107bf8be9b2bb8ee7e80e51c10ac1072670f644047f	incubator-baseline	include
8d0737e528e549c42f9418e01a98cbd80d355fc0	pista-connector/src/main/scala/com/pista/spark/sql/connector/BatchWriteResult.scala	pista-connector/src/main/scala/com/pista/spark/sql/connector/BatchWriteResult.scala	100644	336	01dcf8558bad961cd086999e93268c87c9ac9a73bbb667a6c0c9f3d61fdf05ae	incubator-baseline	include
8d0737e528e549c42f9418e01a98cbd80d355fc0	pista-connector/src/main/scala/com/pista/spark/sql/connector/clickhouse/ClickHouseBatchJdbcSupport.scala	pista-connector/src/main/scala/com/pista/spark/sql/connector/clickhouse/ClickHouseBatchJdbcSupport.scala	100644	3582	f21f43f94f4414e67245c30ea472c8c5ade496f0bd6ffbf6e6aeadc4c2861411	incubator-baseline	include
8d0737e528e549c42f9418e01a98cbd80d355fc0	pista-connector/src/main/scala/com/pista/spark/sql/connector/clickhouse/ClickHouseDialect.scala	pista-connector/src/main/scala/com/pista/spark/sql/connector/clickhouse/ClickHouseDialect.scala	100644	5045	dfec258a29aefe281cb658818bac1cdd4b9d81b2708d557ba462f3bf2264656a	incubator-baseline	include
8d0737e528e549c42f9418e01a98cbd80d355fc0	pista-connector/src/main/scala/com/pista/spark/sql/connector/clickhouse/ClickHouseJdbcSupport.scala	pista-connector/src/main/scala/com/pista/spark/sql/connector/clickhouse/ClickHouseJdbcSupport.scala	100644	5972	634ad729bb7058a9c0f7922769a186f0fc2f73a7d1c19515f10c0bb0e12719fe	incubator-baseline	include
8d0737e528e549c42f9418e01a98cbd80d355fc0	pista-connector/src/main/scala/com/pista/spark/sql/connector/clickhouse/ClickHouseReader.scala	pista-connector/src/main/scala/com/pista/spark/sql/connector/clickhouse/ClickHouseReader.scala	100644	4248	e7d41a669b5fc269df51d7d055fc733118e7bba779ce457729cbdeef4aea2a7a	incubator-baseline	include
8d0737e528e549c42f9418e01a98cbd80d355fc0	pista-connector/src/main/scala/com/pista/spark/sql/connector/clickhouse/ClickHouseUDFs.scala	pista-connector/src/main/scala/com/pista/spark/sql/connector/clickhouse/ClickHouseUDFs.scala	100644	3044	2874e8e1d44e15bc5d1a9ff28b5392d4c5153de78a5fd49d79ba8eb5df292396	incubator-baseline	include
8d0737e528e549c42f9418e01a98cbd80d355fc0	pista-connector/src/main/scala/com/pista/spark/sql/connector/clickhouse/ClickHouseWriter.scala	pista-connector/src/main/scala/com/pista/spark/sql/connector/clickhouse/ClickHouseWriter.scala	100644	11689	28718e0b25892cbe8fd0db28421a9797ec8c8851dd43684289ec7b758e94030b	incubator-baseline	include
8d0737e528e549c42f9418e01a98cbd80d355fc0	pista-connector/src/main/scala/com/pista/spark/sql/connector/clickhouse/batch/ClickHouseBatchConfig.scala	pista-connector/src/main/scala/com/pista/spark/sql/connector/clickhouse/batch/ClickHouseBatchConfig.scala	100644	2035	4795dab483a0b80c4e5f4213d25d0d973425afdcc15e8d0c27c6e2427b90e6da	incubator-baseline	include
8d0737e528e549c42f9418e01a98cbd80d355fc0	pista-connector/src/main/scala/com/pista/spark/sql/connector/clickhouse/batch/ClickHouseBatchWriter.scala	pista-connector/src/main/scala/com/pista/spark/sql/connector/clickhouse/batch/ClickHouseBatchWriter.scala	100644	6358	885a63862cbe3fc5c34c50fe92c8ae8bb2e98b12bfbb59e2092b6efe9ac303c1	incubator-baseline	include
8d0737e528e549c42f9418e01a98cbd80d355fc0	pista-connector/src/main/scala/com/pista/spark/sql/connector/clickhouse/batch/ClickHouseConcurrentContext.scala	pista-connector/src/main/scala/com/pista/spark/sql/connector/clickhouse/batch/ClickHouseConcurrentContext.scala	100644	2145	9f21e94cdecd00eea7a39c1575212347a6f9b16b9f97c3b585812c29e3f9306e	incubator-baseline	include
8d0737e528e549c42f9418e01a98cbd80d355fc0	pista-connector/src/main/scala/com/pista/spark/sql/connector/clickhouse/batch/ClickHouseConcurrentWriter.scala	pista-connector/src/main/scala/com/pista/spark/sql/connector/clickhouse/batch/ClickHouseConcurrentWriter.scala	100644	28223	6bc37b2ae831bb1e6da0fb7ff8f0042fbfa31f94ccaa9a483bbb4d3907029e62	incubator-baseline	include
8d0737e528e549c42f9418e01a98cbd80d355fc0	pista-connector/src/main/scala/com/pista/spark/sql/connector/clickhouse/batch/KeyBasedBatchWriter.scala	pista-connector/src/main/scala/com/pista/spark/sql/connector/clickhouse/batch/KeyBasedBatchWriter.scala	100644	3199	43b19012e4fdffac5cde6301437df45c85ba5e86bc8a0c96f30c09fe3a446365	incubator-baseline	include
8d0737e528e549c42f9418e01a98cbd80d355fc0	pista-connector/src/main/scala/com/pista/spark/sql/connector/clickhouse/batch/ShardOrchestrator.scala	pista-connector/src/main/scala/com/pista/spark/sql/connector/clickhouse/batch/ShardOrchestrator.scala	100644	3003	be7dd5547fe475a43b69fdae7dd4a77b8b713c55d01a507651cbfa88a5d8575b	incubator-baseline	include
8d0737e528e549c42f9418e01a98cbd80d355fc0	pista-connector/src/main/scala/com/pista/spark/sql/connector/doris/DorisJdbcSupport.scala	pista-connector/src/main/scala/com/pista/spark/sql/connector/doris/DorisJdbcSupport.scala	100644	3263	83b9bba9ca24a560ad062a44a3a4a0bd205a2748e4a0095bd2ff03d5eb62e8e7	incubator-baseline	include
8d0737e528e549c42f9418e01a98cbd80d355fc0	pista-connector/src/main/scala/com/pista/spark/sql/connector/doris/DorisReader.scala	pista-connector/src/main/scala/com/pista/spark/sql/connector/doris/DorisReader.scala	100644	3070	22e382156fd346ac15dd71dd418cca9dec45ee39efe71aadb39ed5e894ab21ab	incubator-baseline	include
8d0737e528e549c42f9418e01a98cbd80d355fc0	pista-connector/src/main/scala/com/pista/spark/sql/connector/doris/DorisSupport.scala	pista-connector/src/main/scala/com/pista/spark/sql/connector/doris/DorisSupport.scala	100644	2324	d5dc4c08eac28664014bd880b52fa22d7f8d0f66de7af1a99b5f130ff4d0f2a3	incubator-baseline	include
8d0737e528e549c42f9418e01a98cbd80d355fc0	pista-connector/src/main/scala/com/pista/spark/sql/connector/doris/DorisWriter.scala	pista-connector/src/main/scala/com/pista/spark/sql/connector/doris/DorisWriter.scala	100644	7851	a10ca03d1ca057fdabf6e00d01d7320d67e7055aadecc6adfad93143a391cf51	incubator-baseline	include
8d0737e528e549c42f9418e01a98cbd80d355fc0	pista-connector/src/main/scala/com/pista/spark/sql/connector/doris/batch/DorisBatchConfig.scala	pista-connector/src/main/scala/com/pista/spark/sql/connector/doris/batch/DorisBatchConfig.scala	100644	5051	349b0485ea14f4ca42caeffa419838b8da53b2019c45c66b8634ef86a337c389	incubator-baseline	include
8d0737e528e549c42f9418e01a98cbd80d355fc0	pista-connector/src/main/scala/com/pista/spark/sql/connector/doris/batch/DorisConcurrentWriter.scala	pista-connector/src/main/scala/com/pista/spark/sql/connector/doris/batch/DorisConcurrentWriter.scala	100644	9788	fe82177bb2ccd1a946f55f595e623bd63a0d30f486cf02610de36e781e937b0d	incubator-baseline	include
8d0737e528e549c42f9418e01a98cbd80d355fc0	pista-connector/src/main/scala/com/pista/spark/sql/connector/doris/batch/DorisPartitionManager.scala	pista-connector/src/main/scala/com/pista/spark/sql/connector/doris/batch/DorisPartitionManager.scala	100644	8470	c92e42859c7e4412485c6bb68bb8076c3bb360ef1865318ecf31ff16e18d9f3a	incubator-baseline	include
8d0737e528e549c42f9418e01a98cbd80d355fc0	pista-connector/src/main/scala/com/pista/spark/sql/connector/doris/batch/DorisTableSwapManager.scala	pista-connector/src/main/scala/com/pista/spark/sql/connector/doris/batch/DorisTableSwapManager.scala	100644	3673	56b7729450b887ed5692053267c611f4d89e509020b9ce355dcc296f5edd29cb	incubator-baseline	include
8d0737e528e549c42f9418e01a98cbd80d355fc0	pista-connector/src/main/scala/com/pista/spark/sql/connector/doris/batch/DorisTransactionCoordinator.scala	pista-connector/src/main/scala/com/pista/spark/sql/connector/doris/batch/DorisTransactionCoordinator.scala	100644	13710	46d6a2939d521e87d07e9038d3d180c385ec5a8e187f11fc346503de3ed2ef70	incubator-baseline	include
8d0737e528e549c42f9418e01a98cbd80d355fc0	pista-connector/src/main/scala/com/pista/spark/sql/connector/doris/batch/SparkDorisConnectorWriter.scala	pista-connector/src/main/scala/com/pista/spark/sql/connector/doris/batch/SparkDorisConnectorWriter.scala	100644	3107	55e0c9e8b42d6b85b5d3cae7dba390b2509f5aed8f7ff59bfd80bfd311f72261	incubator-baseline	include
8d0737e528e549c42f9418e01a98cbd80d355fc0	pista-connector/src/main/scala/com/pista/spark/sql/connector/doris/batch/TransactionCoordinator.scala	pista-connector/src/main/scala/com/pista/spark/sql/connector/doris/batch/TransactionCoordinator.scala	100644	5078	185ba6fba8d75ed454e4a131d69dea67a7146a9e8d01d81425447f1356f39a47	incubator-baseline	include
8d0737e528e549c42f9418e01a98cbd80d355fc0	pista-connector/src/test/resources/log4j2.properties	pista-connector/src/test/resources/log4j2.properties	100644	385	a86a032c746da00accf2ae5e8a35ae4f32659b9e9be5d44298725302937a2aae	incubator-baseline	include
8d0737e528e549c42f9418e01a98cbd80d355fc0	pista-connector/src/test/scala/com/pista/spark/sql/connector/clickhouse/ClickHouseEndpointRoutingIT.scala	pista-connector/src/test/scala/com/pista/spark/sql/connector/clickhouse/ClickHouseEndpointRoutingIT.scala	100644	459	b943c39bc9b424cf2cd91f97576bbd3400cc456d25f4edb6a2ff941a6a7821a1	incubator-baseline	include
8d0737e528e549c42f9418e01a98cbd80d355fc0	pista-connector/src/test/scala/com/pista/spark/sql/connector/clickhouse/ClickHouseITSupport.scala	pista-connector/src/test/scala/com/pista/spark/sql/connector/clickhouse/ClickHouseITSupport.scala	100644	5835	7d312794a908a1fae5a3e3745029f9383854bd129ed326294a077e96d681a59c	incubator-baseline	include
8d0737e528e549c42f9418e01a98cbd80d355fc0	pista-connector/src/test/scala/com/pista/spark/sql/connector/clickhouse/ClickHouseKeyBatchWriteIT.scala	pista-connector/src/test/scala/com/pista/spark/sql/connector/clickhouse/ClickHouseKeyBatchWriteIT.scala	100644	1099	7fb0179bd7711b2bf9487de8c4b3804aaad754f027be3f19d0aeae772b777115	incubator-baseline	include
8d0737e528e549c42f9418e01a98cbd80d355fc0	pista-connector/src/test/scala/com/pista/spark/sql/connector/clickhouse/ClickHouseNullConversionIT.scala	pista-connector/src/test/scala/com/pista/spark/sql/connector/clickhouse/ClickHouseNullConversionIT.scala	100644	1261	a28277462181bca2c2d46df3de3e76e9312b3b9c5a1272dd18343964c3b2ce7e	incubator-baseline	include
8d0737e528e549c42f9418e01a98cbd80d355fc0	pista-connector/src/test/scala/com/pista/spark/sql/connector/clickhouse/ClickHouseOverwriteIT.scala	pista-connector/src/test/scala/com/pista/spark/sql/connector/clickhouse/ClickHouseOverwriteIT.scala	100644	3419	c052ba2717a93e71951d2c944924553468887471ff9b411106a143ceb83468c9	incubator-baseline	include
8d0737e528e549c42f9418e01a98cbd80d355fc0	pista-connector/src/test/scala/com/pista/spark/sql/connector/clickhouse/ClickHouseResumeWriteIT.scala	pista-connector/src/test/scala/com/pista/spark/sql/connector/clickhouse/ClickHouseResumeWriteIT.scala	100644	2913	4d728144a40249e743c9570ed8a2a2b4e6659683ba2f21a049a116660026ab56	incubator-baseline	include
8d0737e528e549c42f9418e01a98cbd80d355fc0	pista-connector/src/test/scala/com/pista/spark/sql/connector/clickhouse/batch/ClickHouseBatchConfigSuite.scala	pista-connector/src/test/scala/com/pista/spark/sql/connector/clickhouse/batch/ClickHouseBatchConfigSuite.scala	100644	1253	3001336c8de524a52d0b0036a39981c73979a4f9f69c1f2cc9910deaf4ac1ae0	incubator-baseline	include
8d0737e528e549c42f9418e01a98cbd80d355fc0	pista-connector/src/test/scala/com/pista/spark/sql/connector/clickhouse/batch/ClickHouseBatchWriterSuite.scala	pista-connector/src/test/scala/com/pista/spark/sql/connector/clickhouse/batch/ClickHouseBatchWriterSuite.scala	100644	9126	753e5b8508d5af10b4700784d0e971df3274cbdafc54c3cf31f82cdf949994f3	incubator-baseline	include
8d0737e528e549c42f9418e01a98cbd80d355fc0	pista-connector/src/test/scala/com/pista/spark/sql/connector/clickhouse/batch/ClickHouseConcurrentWriterSuite.scala	pista-connector/src/test/scala/com/pista/spark/sql/connector/clickhouse/batch/ClickHouseConcurrentWriterSuite.scala	100644	6253	6f82bacf217a304a2cfbead54b613b2431c15d303f90e355d08bb93830e069cf	incubator-baseline	include
8d0737e528e549c42f9418e01a98cbd80d355fc0	pista-connector/src/test/scala/com/pista/spark/sql/connector/clickhouse/batch/ClickHouseEndpointRoutingSuite.scala	pista-connector/src/test/scala/com/pista/spark/sql/connector/clickhouse/batch/ClickHouseEndpointRoutingSuite.scala	100644	976	d0948c9992eccf431679875b2c25dc96bdfa08ab36cf18e211f1f31c07395ffc	incubator-baseline	include
8d0737e528e549c42f9418e01a98cbd80d355fc0	pista-connector/src/test/scala/com/pista/spark/sql/connector/clickhouse/batch/ShardOrchestratorSuite.scala	pista-connector/src/test/scala/com/pista/spark/sql/connector/clickhouse/batch/ShardOrchestratorSuite.scala	100644	3094	ba3519d2d22e9967427bf30e35cb16d4dbd43b2e12f9a51e49504e06558337fd	incubator-baseline	include
8d0737e528e549c42f9418e01a98cbd80d355fc0	pista-connector/src/test/scala/com/pista/spark/sql/connector/doris/DorisITSupport.scala	pista-connector/src/test/scala/com/pista/spark/sql/connector/doris/DorisITSupport.scala	100644	4316	15b963d71984ef47db4799fcedc019a464cbdcf748ba7632ca0fdc76b38222f2	incubator-baseline	include
8d0737e528e549c42f9418e01a98cbd80d355fc0	pista-connector/src/test/scala/com/pista/spark/sql/connector/doris/DorisPartitionWriteIT.scala	pista-connector/src/test/scala/com/pista/spark/sql/connector/doris/DorisPartitionWriteIT.scala	100644	2896	4a2845dbbdf7b3399e917a2ab8afb80a386b5c8aff19fc2ce66f5596b46b61f2	incubator-baseline	include
8d0737e528e549c42f9418e01a98cbd80d355fc0	pista-connector/src/test/scala/com/pista/spark/sql/connector/doris/DorisStreamLoadIT.scala	pista-connector/src/test/scala/com/pista/spark/sql/connector/doris/DorisStreamLoadIT.scala	100644	1396	b42868b93e1044a7da89cd97c86340ad9652118d79942695073ca06b2f3cacab	incubator-baseline	include
8d0737e528e549c42f9418e01a98cbd80d355fc0	pista-connector/src/test/scala/com/pista/spark/sql/connector/doris/DorisTableOverwriteIT.scala	pista-connector/src/test/scala/com/pista/spark/sql/connector/doris/DorisTableOverwriteIT.scala	100644	2020	9d02d085aa0bb90951d5c077de572cfea050b039367453a16997bcbcba2641ec	incubator-baseline	include
8d0737e528e549c42f9418e01a98cbd80d355fc0	pista-connector/src/test/scala/com/pista/spark/sql/connector/doris/DorisTransactionIT.scala	pista-connector/src/test/scala/com/pista/spark/sql/connector/doris/DorisTransactionIT.scala	100644	4462	647ed30f929b6aa8fba39e671da8dba074156e7a248de2f735cedb1bc6ab00f1	incubator-baseline	include
8d0737e528e549c42f9418e01a98cbd80d355fc0	pista-connector/src/test/scala/com/pista/spark/sql/connector/doris/DorisWriterIT.scala	pista-connector/src/test/scala/com/pista/spark/sql/connector/doris/DorisWriterIT.scala	100644	1941	fee436607d1d4fb75964c8094cf48ff07d27d302b4f6e69552f400f924f1441a	incubator-baseline	include
8d0737e528e549c42f9418e01a98cbd80d355fc0	pista-connector/src/test/scala/com/pista/spark/sql/connector/doris/batch/DorisBatchConfigSuite.scala	pista-connector/src/test/scala/com/pista/spark/sql/connector/doris/batch/DorisBatchConfigSuite.scala	100644	2920	b54288d1ac3566bc88e5b0f9ccd75f9ca03cfad89b4e64f8a8b578dab7f5f692	incubator-baseline	include
8d0737e528e549c42f9418e01a98cbd80d355fc0	pista-connector/src/test/scala/com/pista/spark/sql/connector/doris/batch/DorisConcurrentWriterSuite.scala	pista-connector/src/test/scala/com/pista/spark/sql/connector/doris/batch/DorisConcurrentWriterSuite.scala	100644	14350	cc097853d1b7b76b06d37334ce07bc944e236c7319665df763e68abeea8da22f	incubator-baseline	include
8d0737e528e549c42f9418e01a98cbd80d355fc0	pista-connector/src/test/scala/com/pista/spark/sql/connector/doris/batch/DorisPartitionManagerSuite.scala	pista-connector/src/test/scala/com/pista/spark/sql/connector/doris/batch/DorisPartitionManagerSuite.scala	100644	3147	31a81a3337fb206841cedf76a083227ea74b06332a587a02245169c2f8ae5407	incubator-baseline	include
8d0737e528e549c42f9418e01a98cbd80d355fc0	pista-connector/src/test/scala/com/pista/spark/sql/connector/doris/batch/DorisTableSwapManagerSuite.scala	pista-connector/src/test/scala/com/pista/spark/sql/connector/doris/batch/DorisTableSwapManagerSuite.scala	100644	1718	682d8c807ad9c9e0c76a353886862e4a83576b25d513ac3c717c4fa3e0ebe8a2	incubator-baseline	include
8d0737e528e549c42f9418e01a98cbd80d355fc0	pista-connector/src/test/scala/com/pista/spark/sql/connector/doris/batch/DorisTransactionCoordinatorSuite.scala	pista-connector/src/test/scala/com/pista/spark/sql/connector/doris/batch/DorisTransactionCoordinatorSuite.scala	100644	8872	46bbccad83fca47c36b004888451e6d2293e0d89920d06c885600f715609dd7e	incubator-baseline	include
8d0737e528e549c42f9418e01a98cbd80d355fc0	pista-connector/src/test/scala/com/pista/spark/sql/execution/datasources/writer/WriterRegistryIntegrationSuite.scala	pista-connector/src/test/scala/com/pista/spark/sql/execution/datasources/writer/WriterRegistryIntegrationSuite.scala	100644	2002	4811c98ac2fcb3e5a48086ccabf05e6c249af375038930575d640c74ec49b08e	incubator-baseline	include
8d0737e528e549c42f9418e01a98cbd80d355fc0	pista-doris-meta/pom.xml	pista-doris-meta/pom.xml	100644	3442	b530c95f3856454846c54a965f77bc2ae692e9e8cafa6a492d904dad39186b7e	incubator-baseline	include
8d0737e528e549c42f9418e01a98cbd80d355fc0	pista-doris-meta/src/main/scala/com/pista/spark/sql/doris/meta/DorisFENodeResolver.scala	pista-doris-meta/src/main/scala/com/pista/spark/sql/doris/meta/DorisFENodeResolver.scala	100644	4485	cb03eac6f48bb25d17e5c1885b2d4c6f8b78849e2abb87b732cfc15dff67a4c5	incubator-baseline	include
8d0737e528e549c42f9418e01a98cbd80d355fc0	pista-doris-meta/src/main/scala/com/pista/spark/sql/doris/meta/DorisMetaConf.scala	pista-doris-meta/src/main/scala/com/pista/spark/sql/doris/meta/DorisMetaConf.scala	100644	1221	bd7f1a2a59810fb8f7ae49c2e10f942a23b451236f9e377ed9523352d12aa298	incubator-baseline	include
8d0737e528e549c42f9418e01a98cbd80d355fc0	pista-doris-meta/src/main/scala/com/pista/spark/sql/doris/meta/DorisMetaConnection.scala	pista-doris-meta/src/main/scala/com/pista/spark/sql/doris/meta/DorisMetaConnection.scala	100644	1222	d57f05d2b23522d862f04ff61d76f32c72739981d7ed8124d54e73cdf4950172	incubator-baseline	include
8d0737e528e549c42f9418e01a98cbd80d355fc0	pista-doris-meta/src/main/scala/com/pista/spark/sql/doris/meta/DorisMetaManager.scala	pista-doris-meta/src/main/scala/com/pista/spark/sql/doris/meta/DorisMetaManager.scala	100644	6498	32a036269ff3dbf5bd47614e5ddeba6d728823f9c86e365696e5fa4263c3a058	incubator-baseline	include
8d0737e528e549c42f9418e01a98cbd80d355fc0	pista-doris-meta/src/main/scala/com/pista/spark/sql/doris/meta/record/DorisFERecord.scala	pista-doris-meta/src/main/scala/com/pista/spark/sql/doris/meta/record/DorisFERecord.scala	100644	622	5ed36ab8036b119fdf0bf3df8a8342d5a0cd552e65c32f5d29135e2ee916265b	incubator-baseline	include
8d0737e528e549c42f9418e01a98cbd80d355fc0	pista-doris-meta/src/main/scala/com/pista/spark/sql/doris/meta/record/DorisRecordStatus.scala	pista-doris-meta/src/main/scala/com/pista/spark/sql/doris/meta/record/DorisRecordStatus.scala	100644	652	d864a8a13c8cf74e6bb6bccc1e6c54bd7607e0d2c718d1cfaa2a3d01e098839a	incubator-baseline	include
8d0737e528e549c42f9418e01a98cbd80d355fc0	pista-doris-meta/src/test/scala/com/pista/spark/sql/doris/meta/DorisFENodeResolverIT.scala	pista-doris-meta/src/test/scala/com/pista/spark/sql/doris/meta/DorisFENodeResolverIT.scala	100644	1117	9e2fc4ae63b726d94b7a1c74617817f44b9af584d9306d1ff828f6a6e2dd413b	incubator-baseline	include
8d0737e528e549c42f9418e01a98cbd80d355fc0	pista-doris-meta/src/test/scala/com/pista/spark/sql/doris/meta/DorisFENodeResolverSuite.scala	pista-doris-meta/src/test/scala/com/pista/spark/sql/doris/meta/DorisFENodeResolverSuite.scala	100644	4278	8a0e23237a71f23342a446b53a8dfe621335e58c815ae6ccf9cd7b0193787400	incubator-baseline	include
8d0737e528e549c42f9418e01a98cbd80d355fc0	pista-doris-meta/src/test/scala/com/pista/spark/sql/doris/meta/DorisMetaConfSuite.scala	pista-doris-meta/src/test/scala/com/pista/spark/sql/doris/meta/DorisMetaConfSuite.scala	100644	1739	519916c00e423bd36a0d8d7a5a08798125a567d1e07ac6a7dffe15b2f115a02e	incubator-baseline	include
8d0737e528e549c42f9418e01a98cbd80d355fc0	pista-doris-meta/src/test/scala/com/pista/spark/sql/doris/meta/DorisMetaManagerIT.scala	pista-doris-meta/src/test/scala/com/pista/spark/sql/doris/meta/DorisMetaManagerIT.scala	100644	3698	15131cb38543d1f902d892be4565c9d53ea70dba5a9d64646d9fab970b866b26	incubator-baseline	include
8d0737e528e549c42f9418e01a98cbd80d355fc0	pista-metrics/pom.xml	pista-metrics/pom.xml	100644	1634	97ed042644bfb627c23592f812fd6c59910fb2f93e952cfb29e0a2e755e24849	incubator-baseline	include
8d0737e528e549c42f9418e01a98cbd80d355fc0	pista-metrics/src/main/scala/com/pista/spark/sql/metrics/MetricsManager.scala	pista-metrics/src/main/scala/com/pista/spark/sql/metrics/MetricsManager.scala	100644	7225	3b04024bca2f86c90169e4fc0d58d2f77c11a962ec18f3d15ac4ea85776e1022	incubator-baseline	include
8d0737e528e549c42f9418e01a98cbd80d355fc0	pista-metrics/src/main/scala/com/pista/spark/sql/metrics/collector/DataQualityExtractor.scala	pista-metrics/src/main/scala/com/pista/spark/sql/metrics/collector/DataQualityExtractor.scala	100644	13763	59c1b083276b2413e8e99596063997ffe0562964f6b58586820418c65ec2b16a	incubator-baseline	include
8d0737e528e549c42f9418e01a98cbd80d355fc0	pista-metrics/src/main/scala/com/pista/spark/sql/metrics/collector/ExecutorAggregator.scala	pista-metrics/src/main/scala/com/pista/spark/sql/metrics/collector/ExecutorAggregator.scala	100644	3743	688232d546d108b3111e64f658af63c9477180946fb8e355ba12e27903d774ed	incubator-baseline	include
8d0737e528e549c42f9418e01a98cbd80d355fc0	pista-metrics/src/main/scala/com/pista/spark/sql/metrics/collector/InsertMetricsListener.scala	pista-metrics/src/main/scala/com/pista/spark/sql/metrics/collector/InsertMetricsListener.scala	100644	8135	19c0dc016018657eb287be22d4ac62aeda21188aa137539d06c957846b1b34f2	incubator-baseline	include
8d0737e528e549c42f9418e01a98cbd80d355fc0	pista-metrics/src/main/scala/com/pista/spark/sql/metrics/collector/InsertObserveRule.scala	pista-metrics/src/main/scala/com/pista/spark/sql/metrics/collector/InsertObserveRule.scala	100644	11089	8299f485e97d1ad65ef38d35c62a786d0663a25d3ff5c0b68d1d2f80f86544d5	incubator-baseline	include
8d0737e528e549c42f9418e01a98cbd80d355fc0	pista-metrics/src/main/scala/com/pista/spark/sql/metrics/collector/MetricsSparkListener.scala	pista-metrics/src/main/scala/com/pista/spark/sql/metrics/collector/MetricsSparkListener.scala	100644	18721	1716ff698aa98cac6b081e5dc2c0a3b14807913b1200631a8e1f3b7c8c7eee0b	incubator-baseline	include
8d0737e528e549c42f9418e01a98cbd80d355fc0	pista-metrics/src/main/scala/com/pista/spark/sql/metrics/collector/QueryPlanExtractor.scala	pista-metrics/src/main/scala/com/pista/spark/sql/metrics/collector/QueryPlanExtractor.scala	100644	2954	910713a19b720ccb71acae22ddbabbebd10e0b41430208b7556061f36fb81c81	incubator-baseline	include
8d0737e528e549c42f9418e01a98cbd80d355fc0	pista-metrics/src/main/scala/com/pista/spark/sql/metrics/collector/TaskAggregator.scala	pista-metrics/src/main/scala/com/pista/spark/sql/metrics/collector/TaskAggregator.scala	100644	7514	f29dfab869aabd5508945822239d5d89be1faddd8a974d90d5a23f06851e0735	incubator-baseline	include
8d0737e528e549c42f9418e01a98cbd80d355fc0	pista-metrics/src/main/scala/com/pista/spark/sql/metrics/model/DataQualityMetrics.scala	pista-metrics/src/main/scala/com/pista/spark/sql/metrics/model/DataQualityMetrics.scala	100644	3577	2072312f674bab6ab079010e929e960487323dc9149b9a06ca95aea12db385fc	incubator-baseline	include
8d0737e528e549c42f9418e01a98cbd80d355fc0	pista-metrics/src/main/scala/com/pista/spark/sql/metrics/model/DataSkewMetrics.scala	pista-metrics/src/main/scala/com/pista/spark/sql/metrics/model/DataSkewMetrics.scala	100644	2312	22af1baa956d044afe7e91161664801da14b451228f9ae4c7ab6a91dda88f811	incubator-baseline	include
8d0737e528e549c42f9418e01a98cbd80d355fc0	pista-metrics/src/main/scala/com/pista/spark/sql/metrics/model/ErrorMetrics.scala	pista-metrics/src/main/scala/com/pista/spark/sql/metrics/model/ErrorMetrics.scala	100644	2325	ea6b0025ac917e7b393f474e6c0cbb3ce68dcf3cbb12d7640b119aafd7a2cc17	incubator-baseline	include
8d0737e528e549c42f9418e01a98cbd80d355fc0	pista-metrics/src/main/scala/com/pista/spark/sql/metrics/model/ExecutorMetrics.scala	pista-metrics/src/main/scala/com/pista/spark/sql/metrics/model/ExecutorMetrics.scala	100644	2537	87658571c4403ebff179bb2b0e020c9ced6d101612800a0c34e45117f5a20717	incubator-baseline	include
8d0737e528e549c42f9418e01a98cbd80d355fc0	pista-metrics/src/main/scala/com/pista/spark/sql/metrics/model/JobMetrics.scala	pista-metrics/src/main/scala/com/pista/spark/sql/metrics/model/JobMetrics.scala	100644	1348	156248be8cfc7845c86af8179e4bbd6828f54c2a46024b05dd394dbb599393fe	incubator-baseline	include
8d0737e528e549c42f9418e01a98cbd80d355fc0	pista-metrics/src/main/scala/com/pista/spark/sql/metrics/model/Metrics.scala	pista-metrics/src/main/scala/com/pista/spark/sql/metrics/model/Metrics.scala	100644	697	746c035dbd796aba638b33cf017b86dd04ce30141dff6cb4d7f017d7566ad3af	incubator-baseline	include
8d0737e528e549c42f9418e01a98cbd80d355fc0	pista-metrics/src/main/scala/com/pista/spark/sql/metrics/model/QueryPlanMetrics.scala	pista-metrics/src/main/scala/com/pista/spark/sql/metrics/model/QueryPlanMetrics.scala	100644	1592	4a5270a7091f6ca0ef7612c589b945db1ec7bc7afe8a354719b291c8b9afcd17	incubator-baseline	include
8d0737e528e549c42f9418e01a98cbd80d355fc0	pista-metrics/src/main/scala/com/pista/spark/sql/metrics/model/SQLMetrics.scala	pista-metrics/src/main/scala/com/pista/spark/sql/metrics/model/SQLMetrics.scala	100644	1228	bf76281f828ad5e13be1fb34c2d805fe724928c53b6deb28f642ce434a427587	incubator-baseline	include
8d0737e528e549c42f9418e01a98cbd80d355fc0	pista-metrics/src/main/scala/com/pista/spark/sql/metrics/model/ShuffleMetrics.scala	pista-metrics/src/main/scala/com/pista/spark/sql/metrics/model/ShuffleMetrics.scala	100644	1920	6ea822d7c611ba63a2a6bfe2410ca069ba4f723fb610f954d1585177b99fcc0f	incubator-baseline	include
8d0737e528e549c42f9418e01a98cbd80d355fc0	pista-metrics/src/main/scala/com/pista/spark/sql/metrics/model/StageMetrics.scala	pista-metrics/src/main/scala/com/pista/spark/sql/metrics/model/StageMetrics.scala	100644	2014	9d3d77e1d74125787cda5581e1ef3ebff43f5107b1223c49df301f9ede94c2ee	incubator-baseline	include
8d0737e528e549c42f9418e01a98cbd80d355fc0	pista-metrics/src/main/scala/com/pista/spark/sql/metrics/model/TaskAggMetrics.scala	pista-metrics/src/main/scala/com/pista/spark/sql/metrics/model/TaskAggMetrics.scala	100644	1485	824a10fcfd68395314f1fe5320e08c025b5e4df2f1bdba4c1800adc2e7c804a4	incubator-baseline	include
8d0737e528e549c42f9418e01a98cbd80d355fc0	pista-metrics/src/main/scala/com/pista/spark/sql/metrics/processor/DataQualityMetricsProcessor.scala	pista-metrics/src/main/scala/com/pista/spark/sql/metrics/processor/DataQualityMetricsProcessor.scala	100644	3633	e4ca3a2f9b1d7d4f6c8c23bac9d12968c1cb6488c51535a8940d133305589cc2	incubator-baseline	include
8d0737e528e549c42f9418e01a98cbd80d355fc0	pista-metrics/src/main/scala/com/pista/spark/sql/metrics/writer/JsonLineWriter.scala	pista-metrics/src/main/scala/com/pista/spark/sql/metrics/writer/JsonLineWriter.scala	100644	3706	398be19e1f967fc5865e572ef6b2de79ae87dda0061f84fe029c949cca09e956	incubator-baseline	include
8d0737e528e549c42f9418e01a98cbd80d355fc0	pista-metrics/src/main/scala/com/pista/spark/sql/metrics/writer/MetricsQueue.scala	pista-metrics/src/main/scala/com/pista/spark/sql/metrics/writer/MetricsQueue.scala	100644	2260	fe70b97dda48b52e14ef8c6624f261b5ca8e6fef04f214641c6f544949379ac4	incubator-baseline	include
8d0737e528e549c42f9418e01a98cbd80d355fc0	pista-metrics/src/test/resources/log4j2.properties	pista-metrics/src/test/resources/log4j2.properties	100644	385	a86a032c746da00accf2ae5e8a35ae4f32659b9e9be5d44298725302937a2aae	incubator-baseline	include
8d0737e528e549c42f9418e01a98cbd80d355fc0	pista-metrics/src/test/scala/com/pista/spark/sql/metrics/MetricsManagerSuite.scala	pista-metrics/src/test/scala/com/pista/spark/sql/metrics/MetricsManagerSuite.scala	100644	4192	44ef86189c6d95b12b22a6e470192de34a1189f7d00ba567952bcaacf0b13f13	incubator-baseline	include
8d0737e528e549c42f9418e01a98cbd80d355fc0	pista-metrics/src/test/scala/com/pista/spark/sql/metrics/MetricsSuite.scala	pista-metrics/src/test/scala/com/pista/spark/sql/metrics/MetricsSuite.scala	100644	15586	31dd8cd0367952256a2dc45ab78f4ae6ee2753c89c3c67ae5a6f397a3c94f904	incubator-baseline	include
8d0737e528e549c42f9418e01a98cbd80d355fc0	pista-metrics/src/test/scala/com/pista/spark/sql/metrics/collector/DataQualityExtractorSuite.scala	pista-metrics/src/test/scala/com/pista/spark/sql/metrics/collector/DataQualityExtractorSuite.scala	100644	7175	2186e09b49ee2d8c743bceedade48f20826bd5a5059aed0e397f01bdf07788f0	incubator-baseline	include
8d0737e528e549c42f9418e01a98cbd80d355fc0	pista-metrics/src/test/scala/com/pista/spark/sql/metrics/collector/MetricsSparkListenerSuite.scala	pista-metrics/src/test/scala/com/pista/spark/sql/metrics/collector/MetricsSparkListenerSuite.scala	100644	18099	6a4920eb893757ae5b39246a6b10465741350057fa070207fd41115b90611d54	incubator-baseline	include
8d0737e528e549c42f9418e01a98cbd80d355fc0	pista-metrics/src/test/scala/com/pista/spark/sql/metrics/collector/QueryPlanExtractorSuite.scala	pista-metrics/src/test/scala/com/pista/spark/sql/metrics/collector/QueryPlanExtractorSuite.scala	100644	3131	0cd4f3c51fdd97b1bb03fddab3f12de4f371623b9478829e7d6a0785ed7293ae	incubator-baseline	include
8d0737e528e549c42f9418e01a98cbd80d355fc0	pista-metrics/src/test/scala/com/pista/spark/sql/metrics/collector/TaskAndExecutorAggregatorSuite.scala	pista-metrics/src/test/scala/com/pista/spark/sql/metrics/collector/TaskAndExecutorAggregatorSuite.scala	100644	9149	b389710e2284b383be84d5222e92564554d4cd66c6cb125620f799f75bb35b41	incubator-baseline	include
8d0737e528e549c42f9418e01a98cbd80d355fc0	pista-metrics/src/test/scala/com/pista/spark/sql/metrics/processor/DataQualityMetricsProcessorSuite.scala	pista-metrics/src/test/scala/com/pista/spark/sql/metrics/processor/DataQualityMetricsProcessorSuite.scala	100644	4018	6675817fc5d7a4f6ef5a17c3cfcb73ecb09fe3ed4be7693a140f556f7991f322	incubator-baseline	include
8d0737e528e549c42f9418e01a98cbd80d355fc0	pista-metrics/src/test/scala/com/pista/spark/sql/metrics/writer/JsonLineWriterSuite.scala	pista-metrics/src/test/scala/com/pista/spark/sql/metrics/writer/JsonLineWriterSuite.scala	100644	4196	65216053d6a47d9e32e48660c037765bb51806341d489843637bb53a0842c99b	incubator-baseline	include
8d0737e528e549c42f9418e01a98cbd80d355fc0	pista-metrics/src/test/scala/com/pista/spark/sql/metrics/writer/MetricsQueueSuite.scala	pista-metrics/src/test/scala/com/pista/spark/sql/metrics/writer/MetricsQueueSuite.scala	100644	2881	73cd6ed942bb8e868bba67358bd66ae6e5d7c17386aaddda11b55e99356b4551	incubator-baseline	include
8d0737e528e549c42f9418e01a98cbd80d355fc0	pista-sql/pom.xml	pista-sql/pom.xml	100644	1692	b02bc50cd81ec32cfd6520bd648fc51f2d97c22fb6fa7148717ada08d0986f13	incubator-baseline	include
8d0737e528e549c42f9418e01a98cbd80d355fc0	pista-sql/src/main/scala/com/pista/spark/sql/conf/ClickHouseConf.scala	pista-sql/src/main/scala/com/pista/spark/sql/conf/ClickHouseConf.scala	100644	7340	52981578cd11c1c3c4f875debe6de64b9b369cae75af89e980b5275529cb3e17	incubator-baseline	include
8d0737e528e549c42f9418e01a98cbd80d355fc0	pista-sql/src/main/scala/com/pista/spark/sql/conf/ConfigBuilder.scala	pista-sql/src/main/scala/com/pista/spark/sql/conf/ConfigBuilder.scala	100644	2421	68752bcecd26aba49ad237e8c64775a3961889ded5824a04636a72d12eec14b5	incubator-baseline	include
8d0737e528e549c42f9418e01a98cbd80d355fc0	pista-sql/src/main/scala/com/pista/spark/sql/conf/ConfigEntry.scala	pista-sql/src/main/scala/com/pista/spark/sql/conf/ConfigEntry.scala	100644	1422	206496351b6e89684eb394954532017ae3e94dd9bc3bea2e57c61078429a37e3	incubator-baseline	include
8d0737e528e549c42f9418e01a98cbd80d355fc0	pista-sql/src/main/scala/com/pista/spark/sql/conf/ConfigReader.scala	pista-sql/src/main/scala/com/pista/spark/sql/conf/ConfigReader.scala	100644	2559	419c4eee5e6a2669c7b748f50262562fa67dbe3ff47a162041a6b82b96d640f5	incubator-baseline	include
8d0737e528e549c42f9418e01a98cbd80d355fc0	pista-sql/src/main/scala/com/pista/spark/sql/conf/CoreConf.scala	pista-sql/src/main/scala/com/pista/spark/sql/conf/CoreConf.scala	100644	5217	6ab5296db2add22a5a91b3959021ff031e0a6a2f0aafa6828f53d78ceb51738a	incubator-baseline	include
8d0737e528e549c42f9418e01a98cbd80d355fc0	pista-sql/src/main/scala/com/pista/spark/sql/conf/DorisConf.scala	pista-sql/src/main/scala/com/pista/spark/sql/conf/DorisConf.scala	100644	6160	88c22b2c647bd731f8c3b936813dd2e863c211cd3bd1330c64b39aa9041d8207	incubator-baseline	include
8d0737e528e549c42f9418e01a98cbd80d355fc0	pista-sql/src/main/scala/com/pista/spark/sql/conf/MetaConf.scala	pista-sql/src/main/scala/com/pista/spark/sql/conf/MetaConf.scala	100644	1501	0b53adc1af1ca07ee5620801c12177a8d2effac6b08019cad86b24b8707ddbe3	incubator-baseline	include
8d0737e528e549c42f9418e01a98cbd80d355fc0	pista-sql/src/main/scala/com/pista/spark/sql/conf/MetricsConf.scala	pista-sql/src/main/scala/com/pista/spark/sql/conf/MetricsConf.scala	100644	4605	cf803fce78497e03d3036a9bdfb35bf334724002186d6763c1b2eca24ddaff83	incubator-baseline	include
8d0737e528e549c42f9418e01a98cbd80d355fc0	pista-sql/src/main/scala/com/pista/spark/sql/conf/StreamingConf.scala	pista-sql/src/main/scala/com/pista/spark/sql/conf/StreamingConf.scala	100644	3967	55cd407e6265aea05868ada813283b7c394a9ce70dd150b08519eed2c83fdc58	incubator-baseline	include
8d0737e528e549c42f9418e01a98cbd80d355fc0	pista-sql/src/main/scala/com/pista/spark/sql/conf/SubmitterConf.scala	pista-sql/src/main/scala/com/pista/spark/sql/conf/SubmitterConf.scala	100644	9231	aec48dc219c5e29f31e8dd6810333c97dd517b3869d47331876ad7520d00c83d	incubator-baseline	include
8d0737e528e549c42f9418e01a98cbd80d355fc0	pista-sql/src/main/scala/com/pista/spark/sql/errors/ErrorPolicy.scala	pista-sql/src/main/scala/com/pista/spark/sql/errors/ErrorPolicy.scala	100644	2259	a619728df094ac7272733f7b8d44b5d54fe5de442aae9f605551b8e49b9a109d	incubator-baseline	include
8d0737e528e549c42f9418e01a98cbd80d355fc0	pista-sql/src/main/scala/com/pista/spark/sql/execution/ExecutionReport.scala	pista-sql/src/main/scala/com/pista/spark/sql/execution/ExecutionReport.scala	100644	3405	e69ca649fbf4028134c85144c51f0d246c695be1bb1bb162d615900c6453e053	incubator-baseline	include
8d0737e528e549c42f9418e01a98cbd80d355fc0	pista-sql/src/main/scala/com/pista/spark/sql/execution/checkpoint/CheckpointHandle.scala	pista-sql/src/main/scala/com/pista/spark/sql/execution/checkpoint/CheckpointHandle.scala	100644	1127	c48043166040b5fdad8aa82557b6590aea64ee972bc432355ab6046e5385a9f0	incubator-baseline	include
8d0737e528e549c42f9418e01a98cbd80d355fc0	pista-sql/src/main/scala/com/pista/spark/sql/execution/checkpoint/CheckpointMetadata.scala	pista-sql/src/main/scala/com/pista/spark/sql/execution/checkpoint/CheckpointMetadata.scala	100644	3311	ef8db45a24df496f85acd1fef758e74c4180e1eb7707a5671536ca90619eca43	incubator-baseline	include
8d0737e528e549c42f9418e01a98cbd80d355fc0	pista-sql/src/main/scala/com/pista/spark/sql/execution/checkpoint/CheckpointReader.scala	pista-sql/src/main/scala/com/pista/spark/sql/execution/checkpoint/CheckpointReader.scala	100644	2463	425bedd89d511fa9e08b4181c2b9b2428102a694e9a3556fc171d5e5ff043a48	incubator-baseline	include
8d0737e528e549c42f9418e01a98cbd80d355fc0	pista-sql/src/main/scala/com/pista/spark/sql/execution/checkpoint/CheckpointRegistry.scala	pista-sql/src/main/scala/com/pista/spark/sql/execution/checkpoint/CheckpointRegistry.scala	100644	1507	d7431e994b0035fbe737234319c7383c5b85392854d8465c237eda00f81e74b6	incubator-baseline	include
8d0737e528e549c42f9418e01a98cbd80d355fc0	pista-sql/src/main/scala/com/pista/spark/sql/execution/checkpoint/CheckpointWriter.scala	pista-sql/src/main/scala/com/pista/spark/sql/execution/checkpoint/CheckpointWriter.scala	100644	2229	19d63446169b6048514c3255a7888471e0ce1ecfde040ee52b0e6532f191ca2b	incubator-baseline	include
8d0737e528e549c42f9418e01a98cbd80d355fc0	pista-sql/src/main/scala/com/pista/spark/sql/execution/checkpoint/MaterializationManager.scala	pista-sql/src/main/scala/com/pista/spark/sql/execution/checkpoint/MaterializationManager.scala	100644	11126	86b7a3abb9f75086461bd807290f14d5166933974a2b826993b1700c6be143f9	incubator-baseline	include
8d0737e528e549c42f9418e01a98cbd80d355fc0	pista-sql/src/main/scala/com/pista/spark/sql/execution/checkpoint/MaterializationManagerExample.scala	pista-sql/src/main/scala/com/pista/spark/sql/execution/checkpoint/MaterializationManagerExample.scala	100644	5114	68cb4f0fba8e00e98f49df2ff441ecfd5a69645ff0eda5980c4d085123587b1f	incubator-baseline	include
8d0737e528e549c42f9418e01a98cbd80d355fc0	pista-sql/src/main/scala/com/pista/spark/sql/execution/datasources/ConnectorSupport.scala	pista-sql/src/main/scala/com/pista/spark/sql/execution/datasources/ConnectorSupport.scala	100644	1262	f8f28dd00e91b48f5ab5573c43fabdb97c3d44823a08ffec1df2855787f1d07e	incubator-baseline	include
8d0737e528e549c42f9418e01a98cbd80d355fc0	pista-sql/src/main/scala/com/pista/spark/sql/execution/datasources/reader/ConnectorReadSupport.scala	pista-sql/src/main/scala/com/pista/spark/sql/execution/datasources/reader/ConnectorReadSupport.scala	100644	3976	582fa10c0c2e2ff3d5a72b9958f9dd95e9dc0268d4a8804e9267260a14558d76	incubator-baseline	include
8d0737e528e549c42f9418e01a98cbd80d355fc0	pista-sql/src/main/scala/com/pista/spark/sql/execution/datasources/reader/DataReader.scala	pista-sql/src/main/scala/com/pista/spark/sql/execution/datasources/reader/DataReader.scala	100644	6679	4b1ed804eb65fb16b5042cb811a1b44bf9a5a2c992db45804ea8211bd9d61f0e	incubator-baseline	include
8d0737e528e549c42f9418e01a98cbd80d355fc0	pista-sql/src/main/scala/com/pista/spark/sql/execution/datasources/reader/JdbcReadSupport.scala	pista-sql/src/main/scala/com/pista/spark/sql/execution/datasources/reader/JdbcReadSupport.scala	100644	8555	fd0b401544771c5f77f77aea2904663c4069f237adeeffa4a25f0afab8202f25	incubator-baseline	include
8d0737e528e549c42f9418e01a98cbd80d355fc0	pista-sql/src/main/scala/com/pista/spark/sql/execution/datasources/reader/ReaderRegistry.scala	pista-sql/src/main/scala/com/pista/spark/sql/execution/datasources/reader/ReaderRegistry.scala	100644	2455	04a42eae84610770a07c0be3049995d66289a40a2763666e9909f0a8b1fce26f	incubator-baseline	include
8d0737e528e549c42f9418e01a98cbd80d355fc0	pista-sql/src/main/scala/com/pista/spark/sql/execution/datasources/writer/ConnectorWriteSupport.scala	pista-sql/src/main/scala/com/pista/spark/sql/execution/datasources/writer/ConnectorWriteSupport.scala	100644	4252	a98582720cf84e692d266c8641fe6c74307dc2d72268618d872aade329c880f5	incubator-baseline	include
8d0737e528e549c42f9418e01a98cbd80d355fc0	pista-sql/src/main/scala/com/pista/spark/sql/execution/datasources/writer/DataWriter.scala	pista-sql/src/main/scala/com/pista/spark/sql/execution/datasources/writer/DataWriter.scala	100644	6641	a26014fa7bceba5b3df2e377566e8f3737ad14ae6314534e2756d7b624491fd8	incubator-baseline	include
8d0737e528e549c42f9418e01a98cbd80d355fc0	pista-sql/src/main/scala/com/pista/spark/sql/execution/datasources/writer/JdbcWriteSupport.scala	pista-sql/src/main/scala/com/pista/spark/sql/execution/datasources/writer/JdbcWriteSupport.scala	100644	1907	5cd9d8ed0e8c5d93adb6b12c48a1ef13bf569fee072092342ce920e0612e43c2	incubator-baseline	include
8d0737e528e549c42f9418e01a98cbd80d355fc0	pista-sql/src/main/scala/com/pista/spark/sql/execution/datasources/writer/WriterRegistry.scala	pista-sql/src/main/scala/com/pista/spark/sql/execution/datasources/writer/WriterRegistry.scala	100644	2259	6ef1f3dabf14cd6e8369c9556fb0037aec02b28d75487e9fe79b20f7eb613b6c	incubator-baseline	include
8d0737e528e549c42f9418e01a98cbd80d355fc0	pista-sql/src/main/scala/com/pista/spark/sql/execution/processor/BasicProcessors.scala	pista-sql/src/main/scala/com/pista/spark/sql/execution/processor/BasicProcessors.scala	100644	11611	88c0d01959df344cdf5eb1e45a602f4097616abaa22383ce52aa328c8c30b7b6	incubator-baseline	include
8d0737e528e549c42f9418e01a98cbd80d355fc0	pista-sql/src/main/scala/com/pista/spark/sql/execution/processor/DataProcessor.scala	pista-sql/src/main/scala/com/pista/spark/sql/execution/processor/DataProcessor.scala	100644	2171	704ffa05f970de2a101c18a6630b1cfda7d4b50da3c0ae0058d4d8a3b4eff623	incubator-baseline	include
8d0737e528e549c42f9418e01a98cbd80d355fc0	pista-sql/src/main/scala/com/pista/spark/sql/execution/processor/ProcessorManager.scala	pista-sql/src/main/scala/com/pista/spark/sql/execution/processor/ProcessorManager.scala	100644	5221	aff939d25b8ce6c14fede3176a8a96f7404fbcd188c59f5c9bc2ed2cd1afdeb5	incubator-baseline	include
8d0737e528e549c42f9418e01a98cbd80d355fc0	pista-sql/src/main/scala/com/pista/spark/sql/functions/FunctionInstallationReport.scala	pista-sql/src/main/scala/com/pista/spark/sql/functions/FunctionInstallationReport.scala	100644	339	f15d3ffea4444bed6dfbf9b90fd47cb1985c2b5bc27b24d1eb361d2f98b3479d	incubator-baseline	include
8d0737e528e549c42f9418e01a98cbd80d355fc0	pista-sql/src/main/scala/com/pista/spark/sql/functions/PistaFunctionInstaller.scala	pista-sql/src/main/scala/com/pista/spark/sql/functions/PistaFunctionInstaller.scala	100644	5056	26b6d92410dffccc80f068ace330986b53ae193bdd7c927a03e284d49cfa9240	incubator-baseline	include
8d0737e528e549c42f9418e01a98cbd80d355fc0	pista-sql/src/main/scala/com/pista/spark/sql/functions/PistaSparkSessionExtensions.scala	pista-sql/src/main/scala/com/pista/spark/sql/functions/PistaSparkSessionExtensions.scala	100644	1514	048c45bcab34962faf0bf6f51f3bba559419d71429fb48f40048e37877071821	incubator-baseline	include
8d0737e528e549c42f9418e01a98cbd80d355fc0	pista-sql/src/test/resources/log4j2.properties	pista-sql/src/test/resources/log4j2.properties	100644	385	a86a032c746da00accf2ae5e8a35ae4f32659b9e9be5d44298725302937a2aae	incubator-baseline	include
8d0737e528e549c42f9418e01a98cbd80d355fc0	pista-sql/src/test/scala/com/pista/spark/sql/conf/ConfigSuite.scala	pista-sql/src/test/scala/com/pista/spark/sql/conf/ConfigSuite.scala	100644	5979	b5fe90756dc27c171e65edade576ce6f31795790df64ebc1262c551499a25286	incubator-baseline	include
8d0737e528e549c42f9418e01a98cbd80d355fc0	pista-sql/src/test/scala/com/pista/spark/sql/errors/ErrorPolicySuite.scala	pista-sql/src/test/scala/com/pista/spark/sql/errors/ErrorPolicySuite.scala	100644	3896	bc3f89195945bb0cdaee984825b62fc28d8f6d636a442614825c000425c12a91	incubator-baseline	include
8d0737e528e549c42f9418e01a98cbd80d355fc0	pista-sql/src/test/scala/com/pista/spark/sql/execution/ExecutionReportSuite.scala	pista-sql/src/test/scala/com/pista/spark/sql/execution/ExecutionReportSuite.scala	100644	5429	fa09af2ea4364ffa6c2b7caa4690f1e6c1596a2545af88505086bde0c910db48	incubator-baseline	include
8d0737e528e549c42f9418e01a98cbd80d355fc0	pista-sql/src/test/scala/com/pista/spark/sql/execution/checkpoint/CheckpointSuite.scala	pista-sql/src/test/scala/com/pista/spark/sql/execution/checkpoint/CheckpointSuite.scala	100644	13461	176861dc55c2ca964d82fbbe0b4fa6689f8f5b0110b7cf1f712dd4a6fed7218b	incubator-baseline	include
8d0737e528e549c42f9418e01a98cbd80d355fc0	pista-sql/src/test/scala/com/pista/spark/sql/execution/datasources/reader/ReaderRegistrySuite.scala	pista-sql/src/test/scala/com/pista/spark/sql/execution/datasources/reader/ReaderRegistrySuite.scala	100644	2305	46480ba11b786b1df095fc0ca146851630be88c3141c30932cff2bbe8683134d	incubator-baseline	include
8d0737e528e549c42f9418e01a98cbd80d355fc0	pista-sql/src/test/scala/com/pista/spark/sql/execution/datasources/writer/WriterRegistryUnitSuite.scala	pista-sql/src/test/scala/com/pista/spark/sql/execution/datasources/writer/WriterRegistryUnitSuite.scala	100644	896	a2290f24030691ed38ae5480f0f335482cd15c916eaa62682f27daaa791848e2	incubator-baseline	include
8d0737e528e549c42f9418e01a98cbd80d355fc0	pista-sql/src/test/scala/com/pista/spark/sql/execution/processor/ProcessorManagerSuite.scala	pista-sql/src/test/scala/com/pista/spark/sql/execution/processor/ProcessorManagerSuite.scala	100644	5699	ab5cad6fac70f6a4de69fa10ffda603edd60d7f7f75075f54ca6b9d470e0fa40	incubator-baseline	include
8d0737e528e549c42f9418e01a98cbd80d355fc0	pista-sql/src/test/scala/com/pista/spark/sql/execution/processor/ProcessorSuite.scala	pista-sql/src/test/scala/com/pista/spark/sql/execution/processor/ProcessorSuite.scala	100644	4659	0d835faccf84b4f7be61c319e92aee20f89224e8a48ea4985d416dbd316f1048	incubator-baseline	include
8d0737e528e549c42f9418e01a98cbd80d355fc0	pista-sql/src/test/scala/com/pista/spark/sql/functions/PistaFunctionSqlSuite.scala	pista-sql/src/test/scala/com/pista/spark/sql/functions/PistaFunctionSqlSuite.scala	100644	12993	50db0b5b8b7ded56dde0689b02d8cc5417d909aca11bd705b58b2a5030e1a241	incubator-baseline	include
8d0737e528e549c42f9418e01a98cbd80d355fc0	pista-streaming/pom.xml	pista-streaming/pom.xml	100644	1539	a688e93e1b0bd4adb4a1ba5be98b714ec43af68227ef1c8e7aed2e920c1581b3	incubator-baseline	include
8d0737e528e549c42f9418e01a98cbd80d355fc0	pista-streaming/src/main/scala/com/pista/spark/sql/streaming/StreamingSQLSubmitter.scala	pista-streaming/src/main/scala/com/pista/spark/sql/streaming/StreamingSQLSubmitter.scala	100644	13801	5c80ebb56c04d99563b9c362dedb4109615060026ab298c2d22c39f80d5fb98c	incubator-baseline	include
8d0737e528e549c42f9418e01a98cbd80d355fc0	pista-streaming/src/main/scala/com/pista/spark/sql/streaming/metrics/StreamingMetricsListener.scala	pista-streaming/src/main/scala/com/pista/spark/sql/streaming/metrics/StreamingMetricsListener.scala	100644	3831	11f699b6153a13da7db1139f5b8a13db926de41428f572d79e14a01bb4637328	incubator-baseline	include
8d0737e528e549c42f9418e01a98cbd80d355fc0	pista-streaming/src/test/scala/com/pista/spark/sql/streaming/AvroParsingSuite.scala	pista-streaming/src/test/scala/com/pista/spark/sql/streaming/AvroParsingSuite.scala	100644	4386	e1251afd3787d9bacc25216abb5d92029674a8d170934d11d9ae9f26b4b38f70	incubator-baseline	include
8d0737e528e549c42f9418e01a98cbd80d355fc0	pista-streaming/src/test/scala/com/pista/spark/sql/streaming/StreamingSQLSubmitterSuite.scala	pista-streaming/src/test/scala/com/pista/spark/sql/streaming/StreamingSQLSubmitterSuite.scala	100644	11651	e72e32ed3952bfd7503426e344c6da234b445fdfbcaee9c6a0f38e18a8678572	incubator-baseline	include
8d0737e528e549c42f9418e01a98cbd80d355fc0	pista-streaming/src/test/scala/com/pista/spark/sql/streaming/metrics/StreamingMetricsListenerSuite.scala	pista-streaming/src/test/scala/com/pista/spark/sql/streaming/metrics/StreamingMetricsListenerSuite.scala	100644	3119	5bc5da73ad490649a34f9ee914f08af9c1226884a6d289fe9e95c18c8f4afa3a	incubator-baseline	include
8d0737e528e549c42f9418e01a98cbd80d355fc0	pista-test-common/pom.xml	pista-test-common/pom.xml	100644	6155	8c86df071a5401cf9427bf57a9d39201e24b72ba18ee193cd7521ec358614d1a	incubator-baseline	include
8d0737e528e549c42f9418e01a98cbd80d355fc0	pista-test-common/src/test/resources/doris/be-entrypoint.sh	pista-test-common/src/test/resources/doris/be-entrypoint.sh	100644	1465	5ce5a070c34d34101227b3c4032d5d5aebb6632b2c1c1284115b55c136ee698f	incubator-baseline	include
8d0737e528e549c42f9418e01a98cbd80d355fc0	pista-test-common/src/test/resources/doris/fe-entrypoint.sh	pista-test-common/src/test/resources/doris/fe-entrypoint.sh	100644	1299	4e9b9b7638e0afdcefbd0e39bc1ae409217aeee73431a5667c5c100bb0c4d2f9	incubator-baseline	include
8d0737e528e549c42f9418e01a98cbd80d355fc0	pista-test-common/src/test/scala/com/pista/spark/sql/test/PistaITTag.scala	pista-test-common/src/test/scala/com/pista/spark/sql/test/PistaITTag.scala	100644	324	e3774c73ce55297c1a97bbdebbaf5e4b43f137028c9a23c6918ca457e6e9c6d2	incubator-baseline	include
8d0737e528e549c42f9418e01a98cbd80d355fc0	pista-test-common/src/test/scala/com/pista/spark/sql/test/base/BaseIT.scala	pista-test-common/src/test/scala/com/pista/spark/sql/test/base/BaseIT.scala	100644	1272	da658ba3534be3ca99c00f46549e6343e3bc7744d93e7e2ac543d5921c30d742	incubator-baseline	include
8d0737e528e549c42f9418e01a98cbd80d355fc0	pista-test-common/src/test/scala/com/pista/spark/sql/test/base/ClickHouseBaseIT.scala	pista-test-common/src/test/scala/com/pista/spark/sql/test/base/ClickHouseBaseIT.scala	100644	2526	b83c3d3d9a69c0f09bfaeccd4a46044ee852950d6e72350989b0769ae5cc92c9	incubator-baseline	include
8d0737e528e549c42f9418e01a98cbd80d355fc0	pista-test-common/src/test/scala/com/pista/spark/sql/test/base/DorisBaseIT.scala	pista-test-common/src/test/scala/com/pista/spark/sql/test/base/DorisBaseIT.scala	100644	1868	2abf50d105dee676b10e8b7700f494e6566dd2e0e69a9ad52fc7e1c46d51b34c	incubator-baseline	include
8d0737e528e549c42f9418e01a98cbd80d355fc0	pista-test-common/src/test/scala/com/pista/spark/sql/test/base/SparkBaseIT.scala	pista-test-common/src/test/scala/com/pista/spark/sql/test/base/SparkBaseIT.scala	100644	2083	8dee4932ef040713827d29dd78c7ee8723e1efda4869d30d8bb78de34c559068	incubator-baseline	include
8d0737e528e549c42f9418e01a98cbd80d355fc0	pista-test-common/src/test/scala/com/pista/spark/sql/test/container/ContainerLogUtils.scala	pista-test-common/src/test/scala/com/pista/spark/sql/test/container/ContainerLogUtils.scala	100644	2561	2c2e5357bad10306f58646ee76e6187847b37a99c26032c41e17058480d8ec6a	incubator-baseline	include
8d0737e528e549c42f9418e01a98cbd80d355fc0	pista-test-common/src/test/scala/com/pista/spark/sql/test/container/ContainerSuite.scala	pista-test-common/src/test/scala/com/pista/spark/sql/test/container/ContainerSuite.scala	100644	3230	3da965532235d264237f72ed955aa725869f2fa75f80899046dcad5af21b37ba	incubator-baseline	include
8d0737e528e549c42f9418e01a98cbd80d355fc0	pista-test-common/src/test/scala/com/pista/spark/sql/test/container/IsolatedNetworkFactory.scala	pista-test-common/src/test/scala/com/pista/spark/sql/test/container/IsolatedNetworkFactory.scala	100644	2984	f9acc5e068fd530bbcee1c334526492540315537e54bfea9928a22e4f4c5846f	incubator-baseline	include
8d0737e528e549c42f9418e01a98cbd80d355fc0	pista-test-common/src/test/scala/com/pista/spark/sql/test/container/PistaClickHouseContainer.scala	pista-test-common/src/test/scala/com/pista/spark/sql/test/container/PistaClickHouseContainer.scala	100644	14257	438399e2f45ecabd58bf713ddb2aba95d653fec3cec5e91e92b3f62cb820979e	incubator-baseline	include
8d0737e528e549c42f9418e01a98cbd80d355fc0	pista-test-common/src/test/scala/com/pista/spark/sql/test/container/PistaDorisContainer.scala	pista-test-common/src/test/scala/com/pista/spark/sql/test/container/PistaDorisContainer.scala	100644	6470	c187bb7bd4bf59137aaab782eee0d818871b85693d35cade11561fabf9758600	incubator-baseline	include
8d0737e528e549c42f9418e01a98cbd80d355fc0	pista-test-common/src/test/scala/com/pista/spark/sql/test/container/PistaMinIOContainer.scala	pista-test-common/src/test/scala/com/pista/spark/sql/test/container/PistaMinIOContainer.scala	100644	2609	5aed909af88892aab5bf00400665c0577138640e96a23f80024044704d52ac9f	incubator-baseline	include
8d0737e528e549c42f9418e01a98cbd80d355fc0	pista-test-common/src/test/scala/com/pista/spark/sql/test/container/PistaPostgresContainer.scala	pista-test-common/src/test/scala/com/pista/spark/sql/test/container/PistaPostgresContainer.scala	100644	1312	eb79cdc7fbb7b668216651988c60a1eaa1942b09452b596e1d859a75399fb628	incubator-baseline	include
8d0737e528e549c42f9418e01a98cbd80d355fc0	pista-test-common/src/test/scala/com/pista/spark/sql/test/container/PistaSparkContainer.scala	pista-test-common/src/test/scala/com/pista/spark/sql/test/container/PistaSparkContainer.scala	100644	6225	18c0e1b8be4f49950184c9336db594288360c6a250e9ffae2ab2a71c3dcbbb02	incubator-baseline	include
8d0737e528e549c42f9418e01a98cbd80d355fc0	pista-test-common/src/test/scala/com/pista/spark/sql/test/util/CidrUtils.scala	pista-test-common/src/test/scala/com/pista/spark/sql/test/util/CidrUtils.scala	100644	2057	8946e0059cf06df7f71334e55445e35a890f0e21cbb6abdcf276019b24d740d9	incubator-baseline	include
8d0737e528e549c42f9418e01a98cbd80d355fc0	pista-test-common/src/test/scala/com/pista/spark/sql/test/util/CidrUtilsSuite.scala	pista-test-common/src/test/scala/com/pista/spark/sql/test/util/CidrUtilsSuite.scala	100644	944	3af95f39d4f83d31ef84404b101d81eda3babbfd6369113d34a96d3b96e15294	incubator-baseline	include
8d0737e528e549c42f9418e01a98cbd80d355fc0	pista-test-common/src/test/scala/com/pista/spark/sql/test/util/CloseableGroup.scala	pista-test-common/src/test/scala/com/pista/spark/sql/test/util/CloseableGroup.scala	100644	2150	acdcd1257fbdbff8133223684de86820d1e81e6905424f72e540c66d3c9c163b	incubator-baseline	include
8d0737e528e549c42f9418e01a98cbd80d355fc0	pista-test-common/src/test/scala/com/pista/spark/sql/test/util/CloseableGroupSuite.scala	pista-test-common/src/test/scala/com/pista/spark/sql/test/util/CloseableGroupSuite.scala	100644	1128	36727e6367c7497bdf07b8e29d3adc7f6ea3623cfcdc1d5df1568bbb6ffbb343	incubator-baseline	include
8d0737e528e549c42f9418e01a98cbd80d355fc0	pista-test-common/src/test/scala/com/pista/spark/sql/test/util/JdbcAssertUtils.scala	pista-test-common/src/test/scala/com/pista/spark/sql/test/util/JdbcAssertUtils.scala	100644	1428	496126c6b989f10253106489263a0d2edcd243c5ce82c86a0857617fa5225392	incubator-baseline	include
8d0737e528e549c42f9418e01a98cbd80d355fc0	pista-test-common/src/test/scala/com/pista/spark/sql/test/util/MetaSchemaInitializer.scala	pista-test-common/src/test/scala/com/pista/spark/sql/test/util/MetaSchemaInitializer.scala	100644	9636	f8322e349105ce4c5383f1933c0f8cc63fd7039a98a1f3675e612f52c548ac60	incubator-baseline	include
8d0737e528e549c42f9418e01a98cbd80d355fc0	pista-test-common/src/test/scala/com/pista/spark/sql/test/util/MetaSchemaInitializerIT.scala	pista-test-common/src/test/scala/com/pista/spark/sql/test/util/MetaSchemaInitializerIT.scala	100644	2337	d8158edecbb53d9b901f503da4f6d1834268085a412f8c16774627284fac21bf	incubator-baseline	include
8d0737e528e549c42f9418e01a98cbd80d355fc0	pista-test-common/src/test/scala/com/pista/spark/sql/test/util/PistaTestData.scala	pista-test-common/src/test/scala/com/pista/spark/sql/test/util/PistaTestData.scala	100644	2113	9ca366c3bddab602c2074d9c9b628810d3aec7869cc01cf9241c3212a971d779	incubator-baseline	include
8d0737e528e549c42f9418e01a98cbd80d355fc0	pista-test-common/src/test/scala/com/pista/spark/sql/test/util/PistaTestDataSuite.scala	pista-test-common/src/test/scala/com/pista/spark/sql/test/util/PistaTestDataSuite.scala	100644	1298	e10e76304585ecdcf2fc45a139f94fc1dd1f11270cb5343e530773ded183a41c	incubator-baseline	include
8d0737e528e549c42f9418e01a98cbd80d355fc0	pista-test-common/src/test/scala/com/pista/spark/sql/test/util/RetryUtils.scala	pista-test-common/src/test/scala/com/pista/spark/sql/test/util/RetryUtils.scala	100644	599	dc45b37990037265c041e0480615e63e3f7f94ba5cc3d640efd5fdea8d5cda86	incubator-baseline	include
8d0737e528e549c42f9418e01a98cbd80d355fc0	pom.xml	pom.xml	100644	24506	7441479d24f86e53a83fb7b34b9f73daabe7aebe3a52549f206dd578ca0c0fc7	incubator-baseline	include
8d0737e528e549c42f9418e01a98cbd80d355fc0	shell/clickhouse/spark_clickhouse_batch_write.sh	shell/clickhouse/spark_clickhouse_batch_write.sh	100755	13188	cdb7e32ed9ba6d656b04d1fa142d1b088f152d93eb5b1c22ac5365f1bf04403e	incubator-baseline	include
8d0737e528e549c42f9418e01a98cbd80d355fc0	shell/doris/spark_doris_batch_write.sh	shell/doris/spark_doris_batch_write.sh	100755	14346	a2148257c14d0e31e00f8e7bcb0de9e08eb0cc8932095af7f19d192243bc59d4	incubator-baseline	include
8d0737e528e549c42f9418e01a98cbd80d355fc0	shell/load-pista-env.sh	shell/load-pista-env.sh	100644	1209	d5cfb7f055dfbe0264fef540daf587b8208cb0864bb115e823abd4cb22f7c75a	incubator-baseline	include
8d0737e528e549c42f9418e01a98cbd80d355fc0	shell/pista-env.sh.template	shell/pista-env.sh.template	100644	3495	5a7880fbe2fa209bc4a5971a239b43f63ba0d18c4d21b587c272cd6ffdd43417	incubator-baseline	include
8d0737e528e549c42f9418e01a98cbd80d355fc0	shell/run_select.sh	shell/run_select.sh	100755	4335	650f74c66fbf3778e67d9933a640d257c9221a5d2e042b98816dd889d7d1b176	incubator-baseline	include
8d0737e528e549c42f9418e01a98cbd80d355fc0	shell/spark-utils.sh	shell/spark-utils.sh	100644	844	72c4e8c1d9caa500e10da0ad0bb30d3580f9bf45762f2dfd4eb3157c0c5750ba	incubator-baseline	include
8d0737e528e549c42f9418e01a98cbd80d355fc0	sqls/postgre/00_create_common_functions.sql	sqls/postgre/00_create_common_functions.sql	100644	433	ef9fb46d489132269cd7c0b4789d850ed5caba7bbe59d29c31ba344a5bb3d694	incubator-baseline	include
8d0737e528e549c42f9418e01a98cbd80d355fc0	sqls/postgre/01_create_cluster_info.sql	sqls/postgre/01_create_cluster_info.sql	100644	481	6a02748a79d294e2b8dd8478f7d05532594f11568def5283844c0cbe49f4e999	incubator-baseline	include
8d0737e528e549c42f9418e01a98cbd80d355fc0	sqls/postgre/02_create_machine_info.sql	sqls/postgre/02_create_machine_info.sql	100644	880	170900d890faba9cf30cc23445e4304b88ff1c3ff6cf2d6adc8b6198829136ab	incubator-baseline	include
8d0737e528e549c42f9418e01a98cbd80d355fc0	sqls/postgre/03_create_data_info.sql	sqls/postgre/03_create_data_info.sql	100644	1291	01d1c19d27118f0edf71d7484c96aaa63e5581accadf31f209b01937399bee97	incubator-baseline	include
8d0737e528e549c42f9418e01a98cbd80d355fc0	sqls/postgre/04_create_data_records.sql	sqls/postgre/04_create_data_records.sql	100644	1702	e9fe9e550206bb9445f1f1da2d51d96bc3ef555b93069c8332d5459aee227749	incubator-baseline	include
8d0737e528e549c42f9418e01a98cbd80d355fc0	sqls/postgre/06_create_doris_fe_info.sql	sqls/postgre/06_create_doris_fe_info.sql	100644	1360	dbec9cb14af2f086cc61e4324f254d18dbb512554fb31c0a4a48f69cc47e0065	incubator-baseline	include
8d0737e528e549c42f9418e01a98cbd80d355fc0	sqls/postgre/07_create_doris_task_info.sql	sqls/postgre/07_create_doris_task_info.sql	100644	3129	f31ecba9293a0b1d40eb8217c33ff0795ebd425327bde7111313cd3b063f3467	incubator-baseline	include
8d0737e528e549c42f9418e01a98cbd80d355fc0	sqls/postgre/08_create_doris_partition_records.sql	sqls/postgre/08_create_doris_partition_records.sql	100644	2289	af20330f575577e785c9f67dfab83072925460eefe249327e68de47ac6829722	incubator-baseline	include
8d0737e528e549c42f9418e01a98cbd80d355fc0	sqls/postgre/09_init_doris_meta_data.sql	sqls/postgre/09_init_doris_meta_data.sql	100644	427	c791bf791ddd20eae4df5515b265fc3894a35cd64aceb91f0cad2494e6a47ced	incubator-baseline	include
8d0737e528e549c42f9418e01a98cbd80d355fc0	sqls/postgre/initialize.sh	sqls/postgre/initialize.sh	100755	2418	0baf70bbd1e86eeeae361474271d62186462579429f9884fb496c2ebbd0f72dd	incubator-baseline	include
a18b5ece915919fdd3ce0bff37b09bf78b11a809	.github/CODEOWNERS	.github/CODEOWNERS	100644	140	a245e81221dd5997eb64f22254ab32f02a7c64cc79e415dfa7669cdef1c95094	pista-public-preparation	include
a18b5ece915919fdd3ce0bff37b09bf78b11a809	.github/workflows/ci.yml	.github/workflows/ci.yml	100644	8576	133140e67e9486d115da5b7a762ea444c6e988d212cac1695196a08a2711bfdb	pista-public-preparation	include
a18b5ece915919fdd3ce0bff37b09bf78b11a809	.github/workflows/nightly.yml	.github/workflows/nightly.yml	100644	1857	37546c39ecec6a1bdfbfd7fbb9212326ab044241907bbfd3e716ebc05aac25ef	pista-public-preparation	include
a18b5ece915919fdd3ce0bff37b09bf78b11a809	.github/workflows/osv-scan.yml	.github/workflows/osv-scan.yml	100644	1669	a282e854e7ed6d8f545778803bde038c4b1f4be0148711e8d58001a1a528d699	pista-public-preparation	include
a18b5ece915919fdd3ce0bff37b09bf78b11a809	.github/workflows/release-candidate.yml	.github/workflows/release-candidate.yml	100644	2243	ca16bc7bccccb6af65c5793d3a209a076ef7a9bec916cc4e3bf35842f97c6a5f	pista-public-preparation	include
a18b5ece915919fdd3ce0bff37b09bf78b11a809	CHANGELOG.md	CHANGELOG.md	100644	1228	64317b2be68bc095a9dacefa180120e74b5adf8a1ad6bb355b5d49f03f600dd5	pista-public-preparation	include
a18b5ece915919fdd3ce0bff37b09bf78b11a809	CODE_OF_CONDUCT.md	CODE_OF_CONDUCT.md	100644	1480	d65fd82f30758f2e876a20e3154c391fb5d01eae9f503550f2c37d986c023f9c	pista-public-preparation	include
a18b5ece915919fdd3ce0bff37b09bf78b11a809	GOVERNANCE.md	GOVERNANCE.md	100644	1836	da0f1a133a68486b48f8b4896e6d90f12e1d43c0db45be980b66b4c0eb47fb16	pista-public-preparation	include
a18b5ece915919fdd3ce0bff37b09bf78b11a809	LICENSE	LICENSE	100644	11358	cfc7749b96f63bd31c3c42b5c471bf756814053e847c10f3eb003417bc523d30	pista-public-preparation	include
a18b5ece915919fdd3ce0bff37b09bf78b11a809	MAINTAINERS.md	MAINTAINERS.md	100644	474	c74689c0a1a56d16a538ba9159296229ebe92040afeabc482e998955dc54fa11	pista-public-preparation	include
a18b5ece915919fdd3ce0bff37b09bf78b11a809	NOTICE	NOTICE	100644	103	6b55c3e6f432485eaa9521c636c83e7144ba64da388a9bb460771da4dea7f08e	pista-public-preparation	include
a18b5ece915919fdd3ce0bff37b09bf78b11a809	SECURITY.md	SECURITY.md	100644	1995	4c780e2b1c2ae88741695600963d689900ceeaf53e24af95aeaeb7838b67c108	pista-public-preparation	include
a18b5ece915919fdd3ce0bff37b09bf78b11a809	THIRD_PARTY_NOTICES	THIRD_PARTY_NOTICES	100644	1587	0e5c36aab651af1454cbe1dc9acee4ddf0c61ad6053b79c9a97460ad6eeffa2c	pista-public-preparation	include
a18b5ece915919fdd3ce0bff37b09bf78b11a809	config/cjk-allowlist.tsv	config/cjk-allowlist.tsv	100644	410	046f71d58149e9edbc8a35853e1ab6b728ad23f6b089bb97cd032f5a0384f35d	pista-public-preparation	include
a18b5ece915919fdd3ce0bff37b09bf78b11a809	config/public-content-allowlist.tsv	config/public-content-allowlist.tsv	100644	973	b9668ab8e1dcf5cb83a407b9c6b9adb033a49b8909c4adee4c6a312468ca086b	pista-public-preparation	include
a18b5ece915919fdd3ce0bff37b09bf78b11a809	docs/STABILITY.md	docs/STABILITY.md	100644	1514	3b833f27dbed568aad7ea0850c90105be4eef968c90492d6d48492cff0ee67e6	pista-public-preparation	include
a18b5ece915919fdd3ce0bff37b09bf78b11a809	docs/SUPPORT_MATRIX.md	docs/SUPPORT_MATRIX.md	100644	1878	5e0fdad91154577dba122182e69fcd9ad642f218ad078708c3acf6aaa744cbb3	pista-public-preparation	include
a18b5ece915919fdd3ce0bff37b09bf78b11a809	docs/sql-authoring-guide.md	docs/sql-authoring-guide.md	100644	1904	41759b8cd11940468319226928bdf9a578664c1dba64a531a389df3eabfc52f1	pista-public-preparation	include
a18b5ece915919fdd3ce0bff37b09bf78b11a809	osv-scanner.toml	osv-scanner.toml	100644	48	ece39660aecb786765609ffcc8add51a863bb1026e04c5dfa8897bd1a7505b43	pista-public-preparation	include
a18b5ece915919fdd3ce0bff37b09bf78b11a809	pista-batch/src/test/scala/com/pista/spark/sql/batch/iceberg/SparkSQLSubmitterIcebergRestIT.scala	pista-batch/src/test/scala/com/pista/spark/sql/batch/iceberg/SparkSQLSubmitterIcebergRestIT.scala	100644	2205	79dc2164bf83df8421ef52b36415b9ba9d6cd94f8493a8a69361e4267f0eb187	pista-public-preparation	include
a18b5ece915919fdd3ce0bff37b09bf78b11a809	pista-batch/src/test/scala/com/pista/spark/sql/batch/iceberg/SparkSQLSubmitterIcebergSuite.scala	pista-batch/src/test/scala/com/pista/spark/sql/batch/iceberg/SparkSQLSubmitterIcebergSuite.scala	100644	4705	81a09880885221ef03efc17f7adaf59e740386509149936188ea0bffb4984da1	pista-public-preparation	include
a18b5ece915919fdd3ce0bff37b09bf78b11a809	pista-common/src/main/scala/com/pista/spark/util/LogRedaction.scala	pista-common/src/main/scala/com/pista/spark/util/LogRedaction.scala	100644	1002	2ff20917ea786943c4d3b94f03f7e61f290e80739b6105bff5c814d45302bb91	pista-public-preparation	include
a18b5ece915919fdd3ce0bff37b09bf78b11a809	pista-common/src/test/scala/com/pista/spark/util/LogRedactionSuite.scala	pista-common/src/test/scala/com/pista/spark/util/LogRedactionSuite.scala	100644	1412	364074eaa3740e635d9db1e8f662768e927627be26e684aeda634ab66139fd27	pista-public-preparation	include
a18b5ece915919fdd3ce0bff37b09bf78b11a809	pista-test-common/src/test/scala/com/pista/spark/sql/test/container/ContainerLogUtilsSuite.scala	pista-test-common/src/test/scala/com/pista/spark/sql/test/container/ContainerLogUtilsSuite.scala	100644	1846	71e5fa60730d3e250985a42778cfd50ebb90fd5956c53784fc82455a3019d4f1	pista-public-preparation	include
a18b5ece915919fdd3ce0bff37b09bf78b11a809	scripts/check_assembly.py	scripts/check_assembly.py	100644	5848	97c16afdc17f7ee02990988e3fd713932a8ddc65de9471cbac4991f5bafce1d8	pista-public-preparation	include
a18b5ece915919fdd3ce0bff37b09bf78b11a809	scripts/check_language.py	scripts/check_language.py	100644	2961	26f34822e89751fc495e5b109116504cab3ea9fcfb28c88d0a5f4a0dd67c5f2b	pista-public-preparation	include
a18b5ece915919fdd3ce0bff37b09bf78b11a809	scripts/check_markdown.py	scripts/check_markdown.py	100644	3867	e05619cdc4d579ee4400f78726cef82aeaa806e43581bfae99016643e279befb	pista-public-preparation	include
a18b5ece915919fdd3ce0bff37b09bf78b11a809	scripts/check_public_content.py	scripts/check_public_content.py	100644	9165	0c013b5f90a205d1ee6401a0fae88dd142bb661f11e9d4b2fac894da44542257	pista-public-preparation	include
a18b5ece915919fdd3ce0bff37b09bf78b11a809	scripts/check_public_license.py	scripts/check_public_license.py	100644	4585	3830e2a38c79f6ed763d0121f2e61d57d892131ae790c6731af28cf1d774839a	pista-public-preparation	include
a18b5ece915919fdd3ce0bff37b09bf78b11a809	scripts/check_required_gate.py	scripts/check_required_gate.py	100644	1375	7a9d633b6c78fad584034f748556387efcb8932b1ed10965144ae09603d7181b	pista-public-preparation	include
a18b5ece915919fdd3ce0bff37b09bf78b11a809	scripts/check_sbom.py	scripts/check_sbom.py	100644	3226	53239a55a6f300fbf8c0f311ed5dbbc23babba7a96f573aa5e35eded760a32bc	pista-public-preparation	include
a18b5ece915919fdd3ce0bff37b09bf78b11a809	scripts/classify_changes.py	scripts/classify_changes.py	100644	4239	337487f5d5d05435b1043ebc9feda2f91558aa817f2c22a4ecc62f50ec700dd7	pista-public-preparation	include
a18b5ece915919fdd3ce0bff37b09bf78b11a809	scripts/generate_sbom.sh	scripts/generate_sbom.sh	100755	584	f9c63c540c2155f87658c1a3f15f396f996a071d61c121aea8aeae410cb2a313	pista-public-preparation	include
a18b5ece915919fdd3ce0bff37b09bf78b11a809	scripts/prepare_hosted_runner.sh	scripts/prepare_hosted_runner.sh	100755	1004	05e2913ca4a31f46376c8e40f6e30beedfcf27c9ed6394b1137d7cd40b17ceff	pista-public-preparation	include
a18b5ece915919fdd3ce0bff37b09bf78b11a809	scripts/public_manifest.py	scripts/public_manifest.py	100644	5615	cc4d9b4eee556928e5af1497de58440ecefc5a6f3a2a12fed60aa1736a0be648	pista-public-preparation	include
a18b5ece915919fdd3ce0bff37b09bf78b11a809	scripts/run_domain_it.sh	scripts/run_domain_it.sh	100755	1959	068fdf1179009105bc03571d7ae075f16275a0b31c76de108377500047298d05	pista-public-preparation	include
a18b5ece915919fdd3ce0bff37b09bf78b11a809	scripts/tests/test_ci_policy.py	scripts/tests/test_ci_policy.py	100644	22117	0c75bc7dde85e58ab576f44614e1aa9626c1d3a7b3241bb57e1eab377533d808	pista-public-preparation	include
d6fdca3f6a54c69e20d14e4f0533081ce4415cbc	docs/kyuubi-submission.md	docs/kyuubi-submission.md	100644	6326	d8c72b591b0e6bde548a016e4480424fe22123e817278f8f81dc77acc99627c5	incubator-baseline	include
